"Kernel Name","adangel_capacity_merged",
"Address","Source","Warp Stall Sampling (All Samples)","Warp Stall Sampling (Not-issued Samples)","# Samples","Instructions Executed","Thread Instructions Executed","Predicated-On Thread Instructions Executed","Avg. Threads Executed","Avg. Predicated-On Threads Executed","Divergent Branches","Address Space","Access Operation","Access Size","L1 Tag Requests Global","L1 Conflicts Shared N-Way","L1 Wavefronts Shared Excessive","L1 Wavefronts Shared","L1 Wavefronts Shared Ideal","L2 Theoretical Sectors Global Excessive","L2 Theoretical Sectors Global","L2 Theoretical Sectors Global Ideal","L2 Theoretical Sectors Local","L2 Explicit Evict Policies","L2 Explicit Hit Policy Evict First","L2 Explicit Hit Policy Evict Last","L2 Explicit Hit Policy Evict Normal","L2 Explicit Hit Policy Evict Normal Demote","L2 Explicit Miss Policy Evict First","L2 Explicit Miss Policy Evict Normal","stall_barrier","stall_branch_resolving","stall_dispatch","stall_drain","stall_imc","stall_lg","stall_long_sb","stall_math","stall_membar","stall_mio","stall_misc","stall_no_inst","stall_not_selected","stall_selected","stall_short_sb","stall_sleep","stall_tex","stall_wait","stall_barrier (Not Issued)","stall_branch_resolving (Not Issued)","stall_dispatch (Not Issued)","stall_drain (Not Issued)","stall_imc (Not Issued)","stall_lg (Not Issued)","stall_long_sb (Not Issued)","stall_math (Not Issued)","stall_membar (Not Issued)","stall_mio (Not Issued)","stall_misc (Not Issued)","stall_no_inst (Not Issued)","stall_not_selected (Not Issued)","stall_selected (Not Issued)","stall_short_sb (Not Issued)","stall_sleeping (Not Issued)","stall_tex (Not Issued)","stall_wait (Not Issued)"
"0x7fb15926d300","      IMAD.MOV.U32 R1, RZ, RZ, c[0x0][0x28]","51","48","51","8192","262144","262144","32","32","0","-","-","-","0","0","0","0","0","0","0","0","0","-","0","0","0","0","0","0","0","0","0","0","37","0","0","0","0","0","0","12","0","2","0","0","0","0","0","0","0","0","36","0","0","0","0","0","0","12","0","0","0","0","0","0"
"0x7fb15926d310","      S2R R11, SR_TID.X","3","1","3","8192","262144","262144","32","32","0","-","-","-","0","0","0","0","0","0","0","0","0","-","0","0","0","0","0","0","0","0","0","0","0","0","0","0","0","0","0","0","1","1","0","0","0","1","0","0","0","0","0","0","0","0","0","0","0","0","0","0","0","0","0","1"
"0x7fb15926d320","      IMAD.MOV.U32 R13, RZ, RZ, 0x4","0","0","0","8192","262144","262144","32","32","0","-","-","-","0","0","0","0","0","0","0","0","0","-","0","0","0","0","0","0","0","0","0","0","0","0","0","0","0","0","0","0","0","0","0","0","0","0","0","0","0","0","0","0","0","0","0","0","0","0","0","0","0","0","0","0"
"0x7fb15926d330","      ULDC.64 UR4, c[0x0][0x118]","32","32","32","8192","262144","262144","32","32","0","-","-","-","0","0","0","0","0","0","0","0","0","-","0","0","0","0","0","0","0","0","0","0","32","0","0","0","0","0","0","0","0","0","0","0","0","0","0","0","0","0","32","0","0","0","0","0","0","0","0","0","0","0","0","0"
"0x7fb15926d340","      IADD3 R1, R1, -0x8, RZ","0","0","0","8192","262144","262144","32","32","0","-","-","-","0","0","0","0","0","0","0","0","0","-","0","0","0","0","0","0","0","0","0","0","0","0","0","0","0","0","0","0","0","0","0","0","0","0","0","0","0","0","0","0","0","0","0","0","0","0","0","0","0","0","0","0"
"0x7fb15926d350","      S2R R0, SR_CTAID.X","0","0","0","8192","262144","262144","32","32","0","-","-","-","0","0","0","0","0","0","0","0","0","-","0","0","0","0","0","0","0","0","0","0","0","0","0","0","0","0","0","0","0","0","0","0","0","0","0","0","0","0","0","0","0","0","0","0","0","0","0","0","0","0","0","0"
"0x7fb15926d360","      IMAD R0, R0, c[0x0][0x0], R11","6","4","6","8192","262144","262144","32","32","0","-","-","-","0","0","0","0","0","0","0","0","0","-","0","0","0","0","0","0","0","0","0","0","0","0","0","0","0","0","0","0","0","1","5","0","0","0","0","0","0","0","0","0","0","0","0","0","0","0","0","0","4","0","0","0"
"0x7fb15926d370","      IMAD R8, R0, 0x6, RZ","0","0","0","8192","262144","262144","32","32","0","-","-","-","0","0","0","0","0","0","0","0","0","-","0","0","0","0","0","0","0","0","0","0","0","0","0","0","0","0","0","0","0","0","0","0","0","0","0","0","0","0","0","0","0","0","0","0","0","0","0","0","0","0","0","0"
"0x7fb15926d380","      IMAD.WIDE R8, R8, R13, c[0x0][0x160]","1","0","1","8192","262144","262144","32","32","0","-","-","-","0","0","0","0","0","0","0","0","0","-","0","0","0","0","0","0","0","0","0","0","0","0","0","0","0","0","0","0","1","0","0","0","0","0","0","0","0","0","0","0","0","0","0","0","0","0","0","0","0","0","0","0"
"0x7fb15926d390","      LDG.E.STRONG.SYS R4, [R8.64]","5","2","5","8192","262144","262144","32","32","0","Global","Load","32","49152","0","0","0","0","163840","196608","32768","0","","0","0","0","0","0","0","0","0","2","0","0","0","0","0","0","0","0","0","0","1","0","0","0","2","0","0","2","0","0","0","0","0","0","0","0","0","0","0","0","0","0","0"
"0x7fb15926d3a0","      LOP3.LUT P0, RZ, R11, 0x1f, RZ, 0xc0, !PT","1","0","1","8192","262144","262144","32","32","0","-","-","-","0","0","0","0","0","0","0","0","0","-","0","0","0","0","0","0","0","0","0","0","0","0","0","0","0","0","0","0","0","1","0","0","0","0","0","0","0","0","0","0","0","0","0","0","0","0","0","0","0","0","0","0"
"0x7fb15926d3b0","      LDG.E.STRONG.SYS R5, [R8.64+0x4]","0","0","0","8192","262144","262144","32","32","0","Global","Load","32","49152","0","0","0","0","163840","196608","32768","0","","0","0","0","0","0","0","0","0","0","0","0","0","0","0","0","0","0","0","0","0","0","0","0","0","0","0","0","0","0","0","0","0","0","0","0","0","0","0","0","0","0","0"
"0x7fb15926d3c0","      LDG.E.STRONG.SYS R6, [R8.64+0x8]","1","0","1","8192","262144","262144","32","32","0","Global","Load","32","49152","0","0","0","0","163840","196608","32768","0","","0","0","0","0","0","0","0","0","0","0","0","0","0","0","0","0","0","0","1","0","0","0","0","0","0","0","0","0","0","0","0","0","0","0","0","0","0","0","0","0","0","0"
"0x7fb15926d3d0","      LDG.E.STRONG.SYS R7, [R8.64+0xc]","2","1","2","8192","262144","262144","32","32","0","Global","Load","32","49152","0","0","0","0","163840","196608","32768","0","","0","0","0","0","0","0","0","0","0","0","0","0","0","0","0","0","0","0","1","0","0","0","0","1","0","0","0","0","0","0","0","0","0","0","0","0","0","0","0","0","0","1"
"0x7fb15926d3e0","@!P0  SHF.R.U32.HI R10, RZ, 0x3, R11","1","1","1","8192","262144","8192","32","1","0","-","-","-","0","0","0","0","0","0","0","0","0","-","0","0","0","0","0","0","0","0","0","0","0","0","0","0","0","0","0","0","0","0","0","0","0","1","0","0","0","0","0","0","0","0","0","0","0","0","0","0","0","0","0","1"
"0x7fb15926d3f0","      LDG.E.STRONG.SYS R2, [R8.64+0x10]","0","0","0","8192","262144","262144","32","32","0","Global","Load","32","49152","0","0","0","0","163840","196608","32768","0","","0","0","0","0","0","0","0","0","0","0","0","0","0","0","0","0","0","0","0","0","0","0","0","0","0","0","0","0","0","0","0","0","0","0","0","0","0","0","0","0","0","0"
"0x7fb15926d400","      LDG.E.STRONG.SYS R3, [R8.64+0x14]","3","1","3","8192","262144","262144","32","32","0","Global","Load","32","49152","0","0","0","0","163840","196608","32768","0","","0","0","0","0","0","0","0","0","0","0","0","0","0","0","0","0","0","0","1","0","0","0","0","2","0","0","0","0","0","0","0","0","0","0","0","0","0","0","0","0","0","1"
"0x7fb15926d410","@!P0  LOP3.LUT R11, R10, 0x1ffffffc, RZ, 0xc0, !PT","0","0","0","8192","262144","8192","32","1","0","-","-","-","0","0","0","0","0","0","0","0","0","-","0","0","0","0","0","0","0","0","0","0","0","0","0","0","0","0","0","0","0","0","0","0","0","0","0","0","0","0","0","0","0","0","0","0","0","0","0","0","0","0","0","0"
"0x7fb15926d420","      MOV R10, c[0x0][0x170]","0","0","0","8192","262144","262144","32","32","0","-","-","-","0","0","0","0","0","0","0","0","0","-","0","0","0","0","0","0","0","0","0","0","0","0","0","0","0","0","0","0","0","0","0","0","0","0","0","0","0","0","0","0","0","0","0","0","0","0","0","0","0","0","0","0"
"0x7fb15926d430","      IMAD.WIDE R8, R0, R13, c[0x0][0x168]","13","12","13","8192","262144","262144","32","32","0","-","-","-","0","0","0","0","0","0","0","0","0","-","0","0","0","0","0","0","0","0","0","0","0","0","13","0","0","0","0","0","0","0","0","0","0","0","0","0","0","0","0","0","12","0","0","0","0","0","0","0","0","0","0","0"
"0x7fb15926d440","      IMAD.MOV.U32 R0, RZ, RZ, RZ","2","2","2","8192","262144","262144","32","32","0","-","-","-","0","0","0","0","0","0","0","0","0","-","0","0","0","0","0","0","0","0","0","0","0","0","0","0","0","0","0","0","0","0","0","0","0","2","0","0","0","0","0","0","0","0","0","0","0","0","0","0","0","0","0","2"
"0x7fb15926d450","      STL.64 [R1], R8","2","1","2","8192","262144","262144","32","32","0","Local","Store","64","0","0","0","0","0","0","0","0","65536","-","0","0","0","0","0","0","0","0","1","0","0","1","0","0","0","0","0","0","0","0","0","0","0","0","0","0","0","0","0","1","0","0","0","0","0","0","0","0","0","0","0","0"
"0x7fb15926d460","@!P0  STS [R11], R4","247","193","247","8192","262144","8192","32","1","0","Shared","Store","32","0","1","0","8192","8192","0","0","0","0","-","0","0","0","0","0","0","0","0","0","0","0","0","243","0","0","0","0","0","0","1","0","0","0","3","0","0","0","0","0","0","191","0","0","0","0","0","0","0","0","0","0","2"
"0x7fb15926d470","      ISETP.GE.AND P0, PT, R10, 0x1, PT","1","0","1","8192","262144","262144","32","32","0","-","-","-","0","0","0","0","0","0","0","0","0","-","0","0","0","0","0","0","0","0","0","0","0","0","0","0","0","0","0","0","0","1","0","0","0","0","0","0","0","0","0","0","0","0","0","0","0","0","0","0","0","0","0","0"
"0x7fb15926d480","@!P0  BRA 0x7fb15926de70","7","4","7","8192","262144","0","32","0","0","-","-","-","0","0","0","0","0","0","0","0","0","-","0","0","0","0","0","0","0","0","0","0","0","0","0","0","0","0","0","0","0","0","0","0","0","7","0","0","0","0","0","0","0","0","0","0","0","0","0","0","0","0","0","4"
"0x7fb15926d490","      IMAD.MOV.U32 R0, RZ, RZ, RZ","15","14","15","8192","262144","262144","32","32","0","-","-","-","0","0","0","0","0","0","0","0","0","-","0","0","0","0","0","0","0","0","0","0","0","0","0","0","0","0","0","0","0","0","14","0","0","1","0","0","0","0","0","0","0","0","0","0","0","0","0","0","13","0","0","1"
"0x7fb15926d4a0","      MOV R36, RZ","0","0","0","8192","262144","262144","32","32","0","-","-","-","0","0","0","0","0","0","0","0","0","-","0","0","0","0","0","0","0","0","0","0","0","0","0","0","0","0","0","0","0","0","0","0","0","0","0","0","0","0","0","0","0","0","0","0","0","0","0","0","0","0","0","0"
"0x7fb15926d4b0","      IMMA.16864.S4.S4 R8, R4.ROW, R2.COL, RZ","2056","1411","2056","2097152","67108864","67108864","32","32","0","-","-","-","0","0","0","0","0","0","0","0","0","-","0","0","0","0","0","0","0","250","1","0","0","0","58","1239","0","0","0","239","268","0","0","0","0","1","0","187","1","0","0","0","48","1000","0","0","0","174","0","0","0","0","0","1"
"0x7fb15926d4c0","      IADD3 R36, R36, 0x1, RZ","110","0","110","2097152","67108864","67108864","32","32","0","-","-","-","0","0","0","0","0","0","0","0","0","-","0","0","0","0","0","0","0","0","0","0","0","0","0","0","0","0","0","0","1","109","0","0","0","0","0","0","0","0","0","0","0","0","0","0","0","0","0","0","0","0","0","0"
"0x7fb15926d4d0","      ISETP.GE.AND P0, PT, R36, c[0x0][0x170], PT","393","288","393","2097152","67108864","67108864","32","32","0","-","-","-","0","0","0","0","0","0","0","0","0","-","0","0","0","0","0","0","0","0","0","0","0","0","0","1","0","0","0","0","0","84","0","0","0","308","0","0","0","0","0","0","0","0","0","0","0","0","0","0","0","0","0","288"
"0x7fb15926d4e0","      IMMA.16864.S4.S4 R12, R4.ROW, R2.COL, RZ","7315","5450","7315","2097152","67108864","67108864","32","32","0","-","-","-","0","0","0","0","0","0","0","0","0","-","0","0","0","0","0","0","0","0","11","0","0","0","0","5812","0","0","0","0","1130","100","0","0","0","262","0","0","1","0","0","0","0","5257","0","0","0","0","0","0","0","0","0","192"
"0x7fb15926d4f0","      IMMA.16864.S4.S4 R24, R4.ROW, R2.COL, RZ","1256","1034","1256","2097152","67108864","67108864","32","32","0","-","-","-","0","0","0","0","0","0","0","0","0","-","0","0","0","0","0","0","0","0","0","0","0","0","0","436","0","0","0","0","69","82","0","0","0","669","0","0","0","0","0","0","0","436","0","0","0","0","0","0","0","0","0","598"
"0x7fb15926d500","      IMMA.16864.S4.S4 R8, R4.ROW, R2.COL, R8","757","634","757","2097152","67108864","67108864","32","32","0","-","-","-","0","0","0","0","0","0","0","0","0","-","0","0","0","0","0","0","0","0","0","0","0","0","0","0","0","0","0","0","0","84","0","0","0","673","0","0","0","0","0","0","0","0","0","0","0","0","0","0","0","0","0","634"
"0x7fb15926d510","      IMMA.16864.S4.S4 R12, R4.ROW, R2.COL, R12","696","613","696","2097152","67108864","67108864","32","32","0","-","-","-","0","0","0","0","0","0","0","0","0","-","0","0","0","0","0","0","0","0","0","0","0","0","0","1","0","0","0","0","0","79","0","0","0","616","0","0","0","0","0","0","0","1","0","0","0","0","0","0","0","0","0","612"
"0x7fb15926d520","      IMMA.16864.S4.S4 R24, R4.ROW, R2.COL, R24","764","668","764","2097152","67108864","67108864","32","32","0","-","-","-","0","0","0","0","0","0","0","0","0","-","0","0","0","0","0","0","0","0","0","0","0","0","0","0","0","0","0","0","0","94","0","0","0","670","0","0","0","0","0","0","0","0","0","0","0","0","0","0","0","0","0","668"
"0x7fb15926d530","      IMAD.SHL.U32 R8, R8, 0x10, RZ","722","625","722","2097152","67108864","67108864","32","32","0","-","-","-","0","0","0","0","0","0","0","0","0","-","0","0","0","0","0","0","0","0","0","0","0","0","0","0","0","0","0","0","0","97","0","0","0","625","0","0","0","0","0","0","0","0","0","0","0","0","0","0","0","0","0","625"
"0x7fb15926d540","      SHF.L.U32 R9, R9, 0x4, RZ","103","0","103","2097152","67108864","67108864","32","32","0","-","-","-","0","0","0","0","0","0","0","0","0","-","0","0","0","0","0","0","0","0","0","0","0","0","0","0","0","0","0","0","0","103","0","0","0","0","0","0","0","0","0","0","0","0","0","0","0","0","0","0","0","0","0","0"
"0x7fb15926d550","      IMAD.SHL.U32 R10, R10, 0x10, RZ","101","0","101","2097152","67108864","67108864","32","32","0","-","-","-","0","0","0","0","0","0","0","0","0","-","0","0","0","0","0","0","0","0","0","0","0","0","0","0","0","0","0","0","0","101","0","0","0","0","0","0","0","0","0","0","0","0","0","0","0","0","0","0","0","0","0","0"
"0x7fb15926d560","      IMMA.16864.S4.S4 R20, R4.ROW, R2.COL, RZ","81","0","81","2097152","67108864","67108864","32","32","0","-","-","-","0","0","0","0","0","0","0","0","0","-","0","0","0","0","0","0","0","0","0","0","0","0","0","0","0","0","0","0","0","81","0","0","0","0","0","0","0","0","0","0","0","0","0","0","0","0","0","0","0","0","0","0"
"0x7fb15926d570","      IMAD.SHL.U32 R11, R11, 0x10, RZ","80","0","80","2097152","67108864","67108864","32","32","0","-","-","-","0","0","0","0","0","0","0","0","0","-","0","0","0","0","0","0","0","0","0","0","0","0","0","0","0","0","0","0","0","80","0","0","0","0","0","0","0","0","0","0","0","0","0","0","0","0","0","0","0","0","0","0"
"0x7fb15926d580","      SHF.L.U32 R12, R12, 0x4, RZ","549","460","549","2097152","67108864","67108864","32","32","0","-","-","-","0","0","0","0","0","0","0","0","0","-","0","0","0","0","0","0","0","0","0","0","0","0","0","0","0","0","0","0","0","87","0","0","0","462","0","0","0","0","0","0","0","0","0","0","0","0","0","0","0","0","0","460"
"0x7fb15926d590","      IMAD.SHL.U32 R13, R13, 0x10, RZ","86","0","86","2097152","67108864","67108864","32","32","0","-","-","-","0","0","0","0","0","0","0","0","0","-","0","0","0","0","0","0","0","0","0","0","0","0","0","0","0","0","0","0","0","86","0","0","0","0","0","0","0","0","0","0","0","0","0","0","0","0","0","0","0","0","0","0"
"0x7fb15926d5a0","      SHF.L.U32 R15, R15, 0x4, RZ","93","0","93","2097152","67108864","67108864","32","32","0","-","-","-","0","0","0","0","0","0","0","0","0","-","0","0","0","0","0","0","0","0","0","0","0","0","0","0","0","0","0","0","0","93","0","0","0","0","0","0","0","0","0","0","0","0","0","0","0","0","0","0","0","0","0","0"
"0x7fb15926d5b0","      IMAD.SHL.U32 R14, R14, 0x10, RZ","103","0","103","2097152","67108864","67108864","32","32","0","-","-","-","0","0","0","0","0","0","0","0","0","-","0","0","0","0","0","0","0","0","0","0","0","0","0","0","0","0","0","0","0","103","0","0","0","0","0","0","0","0","0","0","0","0","0","0","0","0","0","0","0","0","0","0"
"0x7fb15926d5c0","      IMMA.16864.U4.S4 R28, R4.ROW, R2.COL, R8","91","1","91","2097152","67108864","67108864","32","32","0","-","-","-","0","0","0","0","0","0","0","0","0","-","0","0","0","0","0","0","0","0","0","0","0","0","0","1","0","0","0","0","0","90","0","0","0","0","0","0","0","0","0","0","0","1","0","0","0","0","0","0","0","0","0","0"
"0x7fb15926d5d0","      IMAD.SHL.U32 R24, R24, 0x10, RZ","588","497","588","2097152","67108864","67108864","32","32","0","-","-","-","0","0","0","0","0","0","0","0","0","-","0","0","0","0","0","0","0","0","191","0","0","0","0","0","0","0","0","0","0","91","0","0","0","306","0","0","191","0","0","0","0","0","0","0","0","0","0","0","0","0","0","306"
"0x7fb15926d5e0","      SHF.L.U32 R26, R26, 0x4, RZ","95","0","95","2097152","67108864","67108864","32","32","0","-","-","-","0","0","0","0","0","0","0","0","0","-","0","0","0","0","0","0","0","0","0","0","0","0","0","0","0","0","0","0","0","95","0","0","0","0","0","0","0","0","0","0","0","0","0","0","0","0","0","0","0","0","0","0"
"0x7fb15926d5f0","      IMAD.SHL.U32 R25, R25, 0x10, RZ","97","0","97","2097152","67108864","67108864","32","32","0","-","-","-","0","0","0","0","0","0","0","0","0","-","0","0","0","0","0","0","0","0","0","0","0","0","0","0","0","0","0","0","0","97","0","0","0","0","0","0","0","0","0","0","0","0","0","0","0","0","0","0","0","0","0","0"
"0x7fb15926d600","      IMMA.16864.U4.S4 R8, R4.ROW, R2.COL, R12","1419","1055","1419","2097152","67108864","67108864","32","32","0","-","-","-","0","0","0","0","0","0","0","0","0","-","0","0","0","0","0","0","0","0","0","0","0","0","0","1059","0","0","0","0","174","91","0","0","0","95","0","0","0","0","0","0","0","960","0","0","0","0","0","0","0","0","0","95"
"0x7fb15926d610","      IMAD.SHL.U32 R27, R27, 0x10, RZ","88","0","88","2097152","67108864","67108864","32","32","0","-","-","-","0","0","0","0","0","0","0","0","0","-","0","0","0","0","0","0","0","0","0","0","0","0","0","0","0","0","0","0","0","88","0","0","0","0","0","0","0","0","0","0","0","0","0","0","0","0","0","0","0","0","0","0"
"0x7fb15926d620","      IMMA.16864.S4.S4 R12, R4.ROW, R2.COL, RZ","1439","1226","1439","2097152","67108864","67108864","32","32","0","-","-","-","0","0","0","0","0","0","0","0","0","-","0","0","0","0","0","0","0","0","0","0","0","0","0","429","0","0","0","0","80","92","0","0","0","838","0","0","0","0","0","0","0","412","0","0","0","0","0","0","0","0","0","814"
"0x7fb15926d630","      IMMA.16864.S4.S4 R20, R4.ROW, R2.COL, R20","746","643","746","2097152","67108864","67108864","32","32","0","-","-","-","0","0","0","0","0","0","0","0","0","-","0","0","0","0","0","0","0","0","0","0","0","0","0","1","0","0","0","0","0","91","0","0","0","654","0","0","0","0","0","0","0","1","0","0","0","0","0","0","0","0","0","642"
"0x7fb15926d640","      IMMA.16864.U4.S4 R16, R4.ROW, R2.COL, R8","735","584","735","2097152","67108864","67108864","32","32","0","-","-","-","0","0","0","0","0","0","0","0","0","-","0","0","0","0","0","0","0","0","0","0","0","0","0","1","0","0","0","0","1","102","0","0","0","631","0","0","0","0","0","0","0","1","0","0","0","0","0","0","0","0","0","583"
"0x7fb15926d650","      IMMA.16864.S4.S4 R8, R4.ROW, R2.COL, RZ","704","574","704","2097152","67108864","67108864","32","32","0","-","-","-","0","0","0","0","0","0","0","0","0","-","0","0","0","0","0","0","0","0","0","0","0","0","0","2","0","0","0","0","0","81","0","0","0","621","0","0","0","0","0","0","0","1","0","0","0","0","0","0","0","0","0","573"
"0x7fb15926d660","      IMMA.16864.S4.S4 R12, R4.ROW, R2.COL, R12","760","667","760","2097152","67108864","67108864","32","32","0","-","-","-","0","0","0","0","0","0","0","0","0","-","0","0","0","0","0","0","0","0","0","0","0","0","0","1","0","0","0","0","0","92","0","0","0","667","0","0","0","0","0","0","0","0","0","0","0","0","0","0","0","0","0","667"
"0x7fb15926d670","      IMAD.SHL.U32 R20, R20, 0x10, RZ","85","0","85","2097152","67108864","67108864","32","32","0","-","-","-","0","0","0","0","0","0","0","0","0","-","0","0","0","0","0","0","0","0","0","0","0","0","0","0","0","0","0","0","0","85","0","0","0","0","0","0","0","0","0","0","0","0","0","0","0","0","0","0","0","0","0","0"
"0x7fb15926d680","      SHF.L.U32 R21, R21, 0x4, RZ","98","0","98","2097152","67108864","67108864","32","32","0","-","-","-","0","0","0","0","0","0","0","0","0","-","0","0","0","0","0","0","0","0","0","0","0","0","0","0","0","0","0","0","0","98","0","0","0","0","0","0","0","0","0","0","0","0","0","0","0","0","0","0","0","0","0","0"
"0x7fb15926d690","      IMAD.SHL.U32 R22, R22, 0x10, RZ","94","0","94","2097152","67108864","67108864","32","32","0","-","-","-","0","0","0","0","0","0","0","0","0","-","0","0","0","0","0","0","0","0","0","0","0","0","0","0","0","0","0","0","0","94","0","0","0","0","0","0","0","0","0","0","0","0","0","0","0","0","0","0","0","0","0","0"
"0x7fb15926d6a0","      IMAD.SHL.U32 R23, R23, 0x10, RZ","169","99","169","2097152","67108864","67108864","32","32","0","-","-","-","0","0","0","0","0","0","0","0","0","-","0","0","0","0","0","0","0","0","0","0","0","0","0","0","0","0","0","0","0","70","0","0","0","99","0","0","0","0","0","0","0","0","0","0","0","0","0","0","0","0","0","99"
"0x7fb15926d6b0","      IMMA.16864.U4.S4 R24, R4.ROW, R2.COL, R24","1107","876","1107","2097152","67108864","67108864","32","32","0","-","-","-","0","0","0","0","0","0","0","0","0","-","0","0","0","0","0","0","0","0","0","0","0","0","0","549","0","0","0","0","96","98","0","0","0","364","0","0","0","0","0","0","0","512","0","0","0","0","0","0","0","0","0","364"
"0x7fb15926d6c0","      IMMA.16864.S4.S4 R8, R4.ROW, R2.COL, R8","732","586","732","2097152","67108864","67108864","32","32","0","-","-","-","0","0","0","0","0","0","0","0","0","-","0","0","0","0","0","0","0","0","2","0","0","0","0","16","0","0","0","0","1","104","0","0","0","609","0","0","2","0","0","0","0","14","0","0","0","0","0","0","0","0","0","570"
"0x7fb15926d6d0","      SHF.L.U32 R12, R12, 0x4, RZ","775","676","775","2097152","67108864","67108864","32","32","0","-","-","-","0","0","0","0","0","0","0","0","0","-","0","0","0","0","0","0","0","0","0","0","0","0","0","1","0","0","0","0","0","93","0","0","0","681","0","0","0","0","0","0","0","0","0","0","0","0","0","0","0","0","0","676"
"0x7fb15926d6e0","      IMAD.SHL.U32 R13, R13, 0x10, RZ","81","0","81","2097152","67108864","67108864","32","32","0","-","-","-","0","0","0","0","0","0","0","0","0","-","0","0","0","0","0","0","0","0","3","0","0","0","0","0","0","0","0","0","0","78","0","0","0","0","0","0","0","0","0","0","0","0","0","0","0","0","0","0","0","0","0","0"
"0x7fb15926d6f0","      SHF.L.U32 R14, R14, 0x4, RZ","106","0","106","2097152","67108864","67108864","32","32","0","-","-","-","0","0","0","0","0","0","0","0","0","-","0","0","0","0","0","0","0","0","0","0","0","0","0","0","0","0","0","0","0","106","0","0","0","0","0","0","0","0","0","0","0","0","0","0","0","0","0","0","0","0","0","0"
"0x7fb15926d700","      IMAD.SHL.U32 R15, R15, 0x10, RZ","91","0","91","2097152","67108864","67108864","32","32","0","-","-","-","0","0","0","0","0","0","0","0","0","-","0","0","0","0","0","0","0","0","0","0","0","0","0","0","0","0","0","0","0","91","0","0","0","0","0","0","0","0","0","0","0","0","0","0","0","0","0","0","0","0","0","0"
"0x7fb15926d710","      IMMA.16864.U4.S4 R20, R4.ROW, R2.COL, R20","90","0","90","2097152","67108864","67108864","32","32","0","-","-","-","0","0","0","0","0","0","0","0","0","-","0","0","0","0","0","0","0","0","0","0","0","0","0","0","0","0","0","0","0","90","0","0","0","0","0","0","0","0","0","0","0","0","0","0","0","0","0","0","0","0","0","0"
"0x7fb15926d720","      IMMA.16864.U4.S4 R12, R4.ROW, R2.COL, R12","922","657","922","2097152","67108864","67108864","32","32","0","-","-","-","0","0","0","0","0","0","0","0","0","-","0","0","0","0","0","0","0","0","0","0","0","0","0","0","0","0","0","0","0","90","0","0","0","832","0","0","0","0","0","0","0","0","0","0","0","0","0","0","0","0","0","657"
"0x7fb15926d730","      SHF.L.U32 R8, R8, 0x4, RZ","369","265","369","2097152","67108864","67108864","32","32","0","-","-","-","0","0","0","0","0","0","0","0","0","-","0","0","0","0","0","0","0","0","0","0","0","0","0","0","0","0","0","0","0","103","0","0","0","266","0","0","0","0","0","0","0","0","0","0","0","0","0","0","0","0","0","265"
"0x7fb15926d740","      IMAD.SHL.U32 R9, R9, 0x10, RZ","85","0","85","2097152","67108864","67108864","32","32","0","-","-","-","0","0","0","0","0","0","0","0","0","-","0","0","0","0","0","0","0","0","0","0","0","0","0","0","0","0","0","0","0","85","0","0","0","0","0","0","0","0","0","0","0","0","0","0","0","0","0","0","0","0","0","0"
"0x7fb15926d750","      SHF.L.U32 R10, R10, 0x4, RZ","101","0","101","2097152","67108864","67108864","32","32","0","-","-","-","0","0","0","0","0","0","0","0","0","-","0","0","0","0","0","0","0","0","2","0","0","0","0","0","0","0","0","0","0","99","0","0","0","0","0","0","0","0","0","0","0","0","0","0","0","0","0","0","0","0","0","0"
"0x7fb15926d760","      IMAD.SHL.U32 R11, R11, 0x10, RZ","84","0","84","2097152","67108864","67108864","32","32","0","-","-","-","0","0","0","0","0","0","0","0","0","-","0","0","0","0","0","0","0","0","0","0","0","0","0","0","0","0","0","0","0","84","0","0","0","0","0","0","0","0","0","0","0","0","0","0","0","0","0","0","0","0","0","0"
"0x7fb15926d770","      IMMA.16864.U4.S4 R24, R4.ROW, R2.COL, R24","106","0","106","2097152","67108864","67108864","32","32","0","-","-","-","0","0","0","0","0","0","0","0","0","-","0","0","0","0","0","0","0","0","0","0","0","0","0","0","0","0","0","0","0","106","0","0","0","0","0","0","0","0","0","0","0","0","0","0","0","0","0","0","0","0","0","0"
"0x7fb15926d780","      IMMA.16864.U4.S4 R8, R4.ROW, R2.COL, R8","698","608","698","2097152","67108864","67108864","32","32","0","-","-","-","0","0","0","0","0","0","0","0","0","-","0","0","0","0","0","0","0","0","0","0","0","0","0","0","0","0","0","0","0","88","0","0","0","610","0","0","0","0","0","0","0","0","0","0","0","0","0","0","0","0","0","608"
"0x7fb15926d790","      IMMA.16864.U4.S4 R20, R4.ROW, R2.COL, R20","714","637","714","2097152","67108864","67108864","32","32","0","-","-","-","0","0","0","0","0","0","0","0","0","-","0","0","0","0","0","0","0","0","0","0","0","0","0","6","0","0","0","0","2","74","0","0","0","632","0","0","0","0","0","0","0","5","0","0","0","0","0","0","0","0","0","632"
"0x7fb15926d7a0","      IMAD.MOV.U32 R25, RZ, RZ, R16","382","281","382","2097152","67108864","67108864","32","32","0","-","-","-","0","0","0","0","0","0","0","0","0","-","0","0","0","0","0","0","0","0","0","0","0","0","0","0","0","0","0","0","0","101","0","0","0","281","0","0","0","0","0","0","0","0","0","0","0","0","0","0","0","0","0","281"
"0x7fb15926d7b0","      IMMA.16864.U4.S4 R16, R4.ROW, R2.COL, R12","1316","985","1316","2097152","67108864","67108864","32","32","0","-","-","-","0","0","0","0","0","0","0","0","0","-","0","0","0","0","0","0","0","0","12","0","0","0","0","781","0","0","0","0","133","111","0","0","0","279","0","0","0","0","0","0","0","706","0","0","0","0","0","0","0","0","0","279"
"0x7fb15926d7c0","      IMMA.16864.U4.S4 R8, R4.ROW, R2.COL, R8","714","579","714","2097152","67108864","67108864","32","32","0","-","-","-","0","0","0","0","0","0","0","0","0","-","0","0","0","0","0","0","0","0","0","0","0","0","0","7","0","0","0","0","1","101","0","0","0","605","0","0","0","0","0","0","0","7","0","0","0","0","0","0","0","0","0","572"
"0x7fb15926d7d0","      MOV R23, R25","352","258","352","2097152","67108864","67108864","32","32","0","-","-","-","0","0","0","0","0","0","0","0","0","-","0","0","0","0","0","0","0","0","0","0","0","0","0","1","0","0","0","0","0","92","0","0","0","259","0","0","0","0","0","0","0","1","0","0","0","0","0","0","0","0","0","257"
"0x7fb15926d7e0","      IMMA.16864.S4.S4 R12, R4.ROW, R2.COL, RZ","957","765","957","2097152","67108864","67108864","32","32","0","-","-","-","0","0","0","0","0","0","0","0","0","-","0","0","0","0","0","0","0","0","2","0","0","0","0","508","0","0","0","0","66","93","0","0","0","288","0","0","0","0","0","0","0","493","0","0","0","0","0","0","0","0","0","272"
"0x7fb15926d7f0","      MOV R21, R16","765","546","765","2097152","67108864","67108864","32","32","0","-","-","-","0","0","0","0","0","0","0","0","0","-","0","0","0","0","0","0","0","0","0","0","0","0","0","16","0","0","0","0","8","95","0","0","0","646","0","0","0","0","0","0","0","16","0","0","0","0","0","0","0","0","0","530"
"0x7fb15926d800","      IMMA.16864.U4.S4 R28, R4.ROW, R2.COL, R28","187","73","187","2097152","67108864","67108864","32","32","0","-","-","-","0","0","0","0","0","0","0","0","0","-","0","0","0","0","0","0","0","0","11","0","0","0","0","79","0","0","0","0","0","97","0","0","0","0","0","0","11","0","0","0","0","62","0","0","0","0","0","0","0","0","0","0"
"0x7fb15926d810","      IMAD.MOV.U32 R16, RZ, RZ, R8","687","492","687","2097152","67108864","67108864","32","32","0","-","-","-","0","0","0","0","0","0","0","0","0","-","0","0","0","0","0","0","0","0","0","0","0","0","0","0","0","0","0","0","0","78","0","0","0","609","0","0","0","0","0","0","0","0","0","0","0","0","0","0","0","0","0","492"
"0x7fb15926d820","      IMMA.16864.S4.S4 R8, R4.ROW, R2.COL, RZ","3968","2832","3968","2097152","67108864","67108864","32","32","0","-","-","-","0","0","0","0","0","0","0","0","0","-","0","0","0","0","0","0","0","0","0","0","0","0","0","3264","0","0","0","0","497","102","0","0","0","105","0","0","0","0","0","0","0","2827","0","0","0","0","0","0","0","0","0","5"
"0x7fb15926d830","      IMMA.16864.S4.S4 R12, R4.ROW, R2.COL, R12","839","669","839","2097152","67108864","67108864","32","32","0","-","-","-","0","0","0","0","0","0","0","0","0","-","0","0","0","0","0","0","0","0","0","0","0","0","0","6","0","0","0","0","0","93","0","0","0","740","0","0","0","0","0","0","0","6","0","0","0","0","0","0","0","0","0","663"
"0x7fb15926d840","      IADD3 R0, R24, R28, R0","689","575","689","2097152","67108864","67108864","32","32","0","-","-","-","0","0","0","0","0","0","0","0","0","-","0","0","0","0","0","0","0","0","0","0","0","0","0","0","0","0","0","0","0","94","0","0","0","595","0","0","0","0","0","0","0","0","0","0","0","0","0","0","0","0","0","575"
"0x7fb15926d850","      IMMA.16864.S4.S4 R24, R4.ROW, R2.COL, RZ","4855","3573","4855","2097152","67108864","67108864","32","32","0","-","-","-","0","0","0","0","0","0","0","0","0","-","0","0","0","0","0","0","0","0","1","0","0","0","0","4145","0","0","0","0","547","83","0","0","0","79","0","0","1","0","0","0","0","3570","0","0","0","0","0","0","0","0","0","2"
"0x7fb15926d860","      IADD3 R0, R20, R23, R0","245","111","245","2097152","67108864","67108864","32","32","0","-","-","-","0","0","0","0","0","0","0","0","0","-","0","0","0","0","0","0","0","0","0","0","0","0","0","44","0","0","0","0","0","94","0","0","0","107","0","0","0","0","0","0","0","19","0","0","0","0","0","0","0","0","0","92"
"0x7fb15926d870","      IMMA.16864.S4.S4 R8, R4.ROW, R2.COL, R8","9357","6954","9357","2097152","67108864","67108864","32","32","0","-","-","-","0","0","0","0","0","0","0","0","0","-","0","0","0","0","0","0","0","0","18","0","0","0","0","7246","0","0","0","0","1443","75","0","0","0","575","0","0","17","0","0","0","0","6487","0","0","0","0","0","0","0","0","0","450"
"0x7fb15926d880","      SHF.L.U32 R12, R12, 0x4, RZ","659","553","659","2097152","67108864","67108864","32","32","0","-","-","-","0","0","0","0","0","0","0","0","0","-","0","0","0","0","0","0","0","0","1","0","0","0","0","0","0","0","0","0","0","89","0","0","0","569","0","0","1","0","0","0","0","0","0","0","0","0","0","0","0","0","0","552"
"0x7fb15926d890","      IMAD.SHL.U32 R13, R13, 0x10, RZ","88","0","88","2097152","67108864","67108864","32","32","0","-","-","-","0","0","0","0","0","0","0","0","0","-","0","0","0","0","0","0","0","0","0","0","0","0","0","0","0","0","0","0","0","88","0","0","0","0","0","0","0","0","0","0","0","0","0","0","0","0","0","0","0","0","0","0"
"0x7fb15926d8a0","      SHF.L.U32 R14, R14, 0x4, RZ","99","0","99","2097152","67108864","67108864","32","32","0","-","-","-","0","0","0","0","0","0","0","0","0","-","0","0","0","0","0","0","0","0","0","0","0","0","0","0","0","0","0","0","0","99","0","0","0","0","0","0","0","0","0","0","0","0","0","0","0","0","0","0","0","0","0","0"
"0x7fb15926d8b0","      IMAD.SHL.U32 R15, R15, 0x10, RZ","90","0","90","2097152","67108864","67108864","32","32","0","-","-","-","0","0","0","0","0","0","0","0","0","-","0","0","0","0","0","0","0","0","0","0","0","0","0","0","0","0","0","0","0","90","0","0","0","0","0","0","0","0","0","0","0","0","0","0","0","0","0","0","0","0","0","0"
"0x7fb15926d8c0","      IMMA.16864.S4.S4 R28, R4.ROW, R2.COL, RZ","94","0","94","2097152","67108864","67108864","32","32","0","-","-","-","0","0","0","0","0","0","0","0","0","-","0","0","0","0","0","0","0","0","0","0","0","0","0","0","0","0","0","0","0","94","0","0","0","0","0","0","0","0","0","0","0","0","0","0","0","0","0","0","0","0","0","0"
"0x7fb15926d8d0","      IMMA.16864.U4.S4 R12, R4.ROW, R2.COL, R12","858","694","858","2097152","67108864","67108864","32","32","0","-","-","-","0","0","0","0","0","0","0","0","0","-","0","0","0","0","0","0","0","0","0","0","0","0","0","6","0","0","0","0","0","79","0","0","0","773","0","0","0","0","0","0","0","6","0","0","0","0","0","0","0","0","0","688"
"0x7fb15926d8e0","      SHF.L.U32 R8, R8, 0x4, RZ","486","400","486","2097152","67108864","67108864","32","32","0","-","-","-","0","0","0","0","0","0","0","0","0","-","0","0","0","0","0","0","0","0","0","0","0","0","0","1","0","0","0","0","0","83","0","0","0","402","0","0","0","0","0","0","0","1","0","0","0","0","0","0","0","0","0","399"
"0x7fb15926d8f0","      IMAD.SHL.U32 R9, R9, 0x10, RZ","94","0","94","2097152","67108864","67108864","32","32","0","-","-","-","0","0","0","0","0","0","0","0","0","-","0","0","0","0","0","0","0","0","2","0","0","0","0","0","0","0","0","0","0","92","0","0","0","0","0","0","0","0","0","0","0","0","0","0","0","0","0","0","0","0","0","0"
"0x7fb15926d900","      SHF.L.U32 R10, R10, 0x4, RZ","100","0","100","2097152","67108864","67108864","32","32","0","-","-","-","0","0","0","0","0","0","0","0","0","-","0","0","0","0","0","0","0","0","0","0","0","0","0","0","0","0","0","0","0","100","0","0","0","0","0","0","0","0","0","0","0","0","0","0","0","0","0","0","0","0","0","0"
"0x7fb15926d910","      IMAD.SHL.U32 R11, R11, 0x10, RZ","102","0","102","2097152","67108864","67108864","32","32","0","-","-","-","0","0","0","0","0","0","0","0","0","-","0","0","0","0","0","0","0","0","0","0","0","0","0","0","0","0","0","0","0","102","0","0","0","0","0","0","0","0","0","0","0","0","0","0","0","0","0","0","0","0","0","0"
"0x7fb15926d920","      IMMA.16864.S4.S4 R24, R4.ROW, R2.COL, R24","100","0","100","2097152","67108864","67108864","32","32","0","-","-","-","0","0","0","0","0","0","0","0","0","-","0","0","0","0","0","0","0","0","0","0","0","0","0","0","0","0","0","0","0","100","0","0","0","0","0","0","0","0","0","0","0","0","0","0","0","0","0","0","0","0","0","0"
"0x7fb15926d930","      IMMA.16864.U4.S4 R8, R4.ROW, R2.COL, R8","746","658","746","2097152","67108864","67108864","32","32","0","-","-","-","0","0","0","0","0","0","0","0","0","-","0","0","0","0","0","0","0","0","0","0","0","0","0","0","0","0","0","0","0","85","0","0","0","661","0","0","0","0","0","0","0","0","0","0","0","0","0","0","0","0","0","658"
"0x7fb15926d940","      IMMA.16864.S4.S4 R28, R4.ROW, R2.COL, R28","728","632","728","2097152","67108864","67108864","32","32","0","-","-","-","0","0","0","0","0","0","0","0","0","-","0","0","0","0","0","0","0","0","0","0","0","0","0","0","0","0","0","0","0","96","0","0","0","632","0","0","0","0","0","0","0","0","0","0","0","0","0","0","0","0","0","632"
"0x7fb15926d950","      IMAD.SHL.U32 R24, R24, 0x10, RZ","746","663","746","2097152","67108864","67108864","32","32","0","-","-","-","0","0","0","0","0","0","0","0","0","-","0","0","0","0","0","0","0","0","0","0","0","0","0","0","0","0","0","0","0","83","0","0","0","663","0","0","0","0","0","0","0","0","0","0","0","0","0","0","0","0","0","663"
"0x7fb15926d960","      SHF.L.U32 R25, R25, 0x4, RZ","88","0","88","2097152","67108864","67108864","32","32","0","-","-","-","0","0","0","0","0","0","0","0","0","-","0","0","0","0","0","0","0","0","0","0","0","0","0","0","0","0","0","0","0","88","0","0","0","0","0","0","0","0","0","0","0","0","0","0","0","0","0","0","0","0","0","0"
"0x7fb15926d970","      IMAD.SHL.U32 R26, R26, 0x10, RZ","82","0","82","2097152","67108864","67108864","32","32","0","-","-","-","0","0","0","0","0","0","0","0","0","-","0","0","0","0","0","0","0","0","0","0","0","0","0","0","0","0","0","0","0","82","0","0","0","0","0","0","0","0","0","0","0","0","0","0","0","0","0","0","0","0","0","0"
"0x7fb15926d980","      SHF.L.U32 R27, R27, 0x4, RZ","92","0","92","2097152","67108864","67108864","32","32","0","-","-","-","0","0","0","0","0","0","0","0","0","-","0","0","0","0","0","0","0","0","0","0","0","0","0","0","0","0","0","0","0","92","0","0","0","0","0","0","0","0","0","0","0","0","0","0","0","0","0","0","0","0","0","0"
"0x7fb15926d990","      IMMA.16864.U4.S4 R32, R4.ROW, R2.COL, R8","3144","2215","3144","2097152","67108864","67108864","32","32","0","-","-","-","0","0","0","0","0","0","0","0","0","-","0","0","0","0","0","0","0","0","2","0","0","0","0","2077","0","0","0","0","415","87","0","0","0","563","0","0","2","0","0","0","0","1755","0","0","0","0","0","0","0","0","0","458"
"0x7fb15926d9a0","      IMMA.16864.U4.S4 R8, R4.ROW, R2.COL, R12","983","806","983","2097152","67108864","67108864","32","32","0","-","-","-","0","0","0","0","0","0","0","0","0","-","0","0","0","0","0","0","0","0","2","0","0","0","0","161","0","0","0","0","28","91","0","0","0","701","0","0","2","0","0","0","0","160","0","0","0","0","0","0","0","0","0","644"
"0x7fb15926d9b0","      IMAD.SHL.U32 R28, R28, 0x10, RZ","105","0","105","2097152","67108864","67108864","32","32","0","-","-","-","0","0","0","0","0","0","0","0","0","-","0","0","0","0","0","0","0","0","0","0","0","0","0","0","0","0","0","0","0","105","0","0","0","0","0","0","0","0","0","0","0","0","0","0","0","0","0","0","0","0","0","0"
"0x7fb15926d9c0","      SHF.L.U32 R29, R29, 0x4, RZ","94","0","94","2097152","67108864","67108864","32","32","0","-","-","-","0","0","0","0","0","0","0","0","0","-","0","0","0","0","0","0","0","0","0","0","0","0","0","0","0","0","0","0","0","94","0","0","0","0","0","0","0","0","0","0","0","0","0","0","0","0","0","0","0","0","0","0"
"0x7fb15926d9d0","      IMAD.SHL.U32 R30, R30, 0x10, RZ","73","0","73","2097152","67108864","67108864","32","32","0","-","-","-","0","0","0","0","0","0","0","0","0","-","0","0","0","0","0","0","0","0","0","0","0","0","0","0","0","0","0","0","0","73","0","0","0","0","0","0","0","0","0","0","0","0","0","0","0","0","0","0","0","0","0","0"
"0x7fb15926d9e0","      SHF.L.U32 R31, R31, 0x4, RZ","103","0","103","2097152","67108864","67108864","32","32","0","-","-","-","0","0","0","0","0","0","0","0","0","-","0","0","0","0","0","0","0","0","0","0","0","0","0","0","0","0","0","0","0","103","0","0","0","0","0","0","0","0","0","0","0","0","0","0","0","0","0","0","0","0","0","0"
"0x7fb15926d9f0","      IMMA.16864.U4.S4 R24, R4.ROW, R2.COL, R24","987","770","987","2097152","67108864","67108864","32","32","0","-","-","-","0","0","0","0","0","0","0","0","0","-","0","0","0","0","0","0","0","0","0","0","0","0","0","383","0","0","0","0","71","80","0","0","0","453","0","0","0","0","0","0","0","363","0","0","0","0","0","0","0","0","0","407"
"0x7fb15926da00","      MOV R17, R32","732","614","732","2097152","67108864","67108864","32","32","0","-","-","-","0","0","0","0","0","0","0","0","0","-","0","0","0","0","0","0","0","0","0","0","0","0","0","0","0","0","0","0","1","103","0","0","0","628","0","0","0","0","0","0","0","0","0","0","0","0","0","0","0","0","0","614"
"0x7fb15926da10","      IMMA.16864.U4.S4 R28, R4.ROW, R2.COL, R28","90","10","90","2097152","67108864","67108864","32","32","0","-","-","-","0","0","0","0","0","0","0","0","0","-","0","0","0","0","0","0","0","0","0","0","0","0","0","12","0","0","0","0","1","77","0","0","0","0","0","0","0","0","0","0","0","10","0","0","0","0","0","0","0","0","0","0"
"0x7fb15926da20","      IMAD.MOV.U32 R37, RZ, RZ, R8","663","556","663","2097152","67108864","67108864","32","32","0","-","-","-","0","0","0","0","0","0","0","0","0","-","0","0","0","0","0","0","0","0","0","0","0","0","0","0","0","0","0","0","0","106","0","0","0","557","0","0","0","0","0","0","0","0","0","0","0","0","0","0","0","0","0","556"
"0x7fb15926da30","      IMMA.16864.S4.S4 R32, R4.ROW, R2.COL, RZ","72","0","72","2097152","67108864","67108864","32","32","0","-","-","-","0","0","0","0","0","0","0","0","0","-","0","0","0","0","0","0","0","0","0","0","0","0","0","0","0","0","0","0","0","72","0","0","0","0","0","0","0","0","0","0","0","0","0","0","0","0","0","0","0","0","0","0"
"0x7fb15926da40","      IMMA.16864.S4.S4 R8, R4.ROW, R2.COL, RZ","1077","862","1077","2097152","67108864","67108864","32","32","0","-","-","-","0","0","0","0","0","0","0","0","0","-","0","0","0","0","0","0","0","0","0","0","0","0","0","252","0","0","0","0","47","101","0","0","0","677","0","0","0","0","0","0","0","249","0","0","0","0","0","0","0","0","0","613"
"0x7fb15926da50","      IMMA.16864.U4.S4 R24, R4.ROW, R2.COL, R24","810","688","810","2097152","67108864","67108864","32","32","0","-","-","-","0","0","0","0","0","0","0","0","0","-","0","0","0","0","0","0","0","0","0","0","0","0","0","0","0","0","0","0","0","108","0","0","0","702","0","0","0","0","0","0","0","0","0","0","0","0","0","0","0","0","0","688"
"0x7fb15926da60","      IMMA.16864.S4.S4 R32, R4.ROW, R2.COL, R32","747","657","747","2097152","67108864","67108864","32","32","0","-","-","-","0","0","0","0","0","0","0","0","0","-","0","0","0","0","0","0","0","0","0","0","0","0","0","1","0","0","0","0","0","89","0","0","0","657","0","0","0","0","0","0","0","0","0","0","0","0","0","0","0","0","0","657"
"0x7fb15926da70","      IMMA.16864.S4.S4 R8, R4.ROW, R2.COL, R8","750","655","750","2097152","67108864","67108864","32","32","0","-","-","-","0","0","0","0","0","0","0","0","0","-","0","0","0","0","0","0","0","0","0","0","0","0","0","0","0","0","0","0","0","95","0","0","0","655","0","0","0","0","0","0","0","0","0","0","0","0","0","0","0","0","0","655"
"0x7fb15926da80","      IMMA.16864.U4.S4 R28, R4.ROW, R2.COL, R28","737","657","737","2097152","67108864","67108864","32","32","0","-","-","-","0","0","0","0","0","0","0","0","0","-","0","0","0","0","0","0","0","0","0","0","0","0","0","0","0","0","0","0","0","80","0","0","0","657","0","0","0","0","0","0","0","0","0","0","0","0","0","0","0","0","0","657"
"0x7fb15926da90","      SHF.L.U32 R32, R32, 0x4, RZ","755","655","755","2097152","67108864","67108864","32","32","0","-","-","-","0","0","0","0","0","0","0","0","0","-","0","0","0","0","0","0","0","0","0","0","0","0","0","0","0","0","0","0","0","100","0","0","0","655","0","0","0","0","0","0","0","0","0","0","0","0","0","0","0","0","0","655"
"0x7fb15926daa0","      IMAD.SHL.U32 R33, R33, 0x10, RZ","89","0","89","2097152","67108864","67108864","32","32","0","-","-","-","0","0","0","0","0","0","0","0","0","-","0","0","0","0","0","0","0","0","1","0","0","0","0","0","0","0","0","0","0","88","0","0","0","0","0","0","0","0","0","0","0","0","0","0","0","0","0","0","0","0","0","0"
"0x7fb15926dab0","      SHF.L.U32 R34, R34, 0x4, RZ","85","0","85","2097152","67108864","67108864","32","32","0","-","-","-","0","0","0","0","0","0","0","0","0","-","0","0","0","0","0","0","0","0","0","0","0","0","0","0","0","0","0","0","0","85","0","0","0","0","0","0","0","0","0","0","0","0","0","0","0","0","0","0","0","0","0","0"
"0x7fb15926dac0","      IMAD.SHL.U32 R35, R35, 0x10, RZ","90","0","90","2097152","67108864","67108864","32","32","0","-","-","-","0","0","0","0","0","0","0","0","0","-","0","0","0","0","0","0","0","0","0","0","0","0","0","0","0","0","0","0","0","90","0","0","0","0","0","0","0","0","0","0","0","0","0","0","0","0","0","0","0","0","0","0"
"0x7fb15926dad0","      SHF.L.U32 R8, R8, 0x4, RZ","635","477","635","2097152","67108864","67108864","32","32","0","-","-","-","0","0","0","0","0","0","0","0","0","-","0","0","0","0","0","0","0","0","0","0","0","0","0","0","0","0","0","0","0","80","0","0","0","555","0","0","0","0","0","0","0","0","0","0","0","0","0","0","0","0","0","477"
"0x7fb15926dae0","      IMAD.SHL.U32 R9, R9, 0x10, RZ","79","0","79","2097152","67108864","67108864","32","32","0","-","-","-","0","0","0","0","0","0","0","0","0","-","0","0","0","0","0","0","0","0","0","0","0","0","0","0","0","0","0","0","0","79","0","0","0","0","0","0","0","0","0","0","0","0","0","0","0","0","0","0","0","0","0","0"
"0x7fb15926daf0","      SHF.L.U32 R10, R10, 0x4, RZ","102","0","102","2097152","67108864","67108864","32","32","0","-","-","-","0","0","0","0","0","0","0","0","0","-","0","0","0","0","0","0","0","0","0","0","0","0","0","0","0","0","0","0","0","102","0","0","0","0","0","0","0","0","0","0","0","0","0","0","0","0","0","0","0","0","0","0"
"0x7fb15926db00","      IMAD.SHL.U32 R11, R11, 0x10, RZ","115","0","115","2097152","67108864","67108864","32","32","0","-","-","-","0","0","0","0","0","0","0","0","0","-","0","0","0","0","0","0","0","0","0","0","0","0","0","0","0","0","0","0","0","115","0","0","0","0","0","0","0","0","0","0","0","0","0","0","0","0","0","0","0","0","0","0"
"0x7fb15926db10","      IMMA.16864.U4.S4 R32, R4.ROW, R2.COL, R32","92","0","92","2097152","67108864","67108864","32","32","0","-","-","-","0","0","0","0","0","0","0","0","0","-","0","0","0","0","0","0","0","0","0","0","0","0","0","0","0","0","0","0","0","92","0","0","0","0","0","0","0","0","0","0","0","0","0","0","0","0","0","0","0","0","0","0"
"0x7fb15926db20","      IMMA.16864.U4.S4 R8, R4.ROW, R2.COL, R8","1128","884","1128","2097152","67108864","67108864","32","32","0","-","-","-","0","0","0","0","0","0","0","0","0","-","0","0","0","0","0","0","0","0","0","0","0","0","0","283","0","0","0","0","45","83","0","0","0","717","0","0","0","0","0","0","0","256","0","0","0","0","0","0","0","0","0","628"
"0x7fb15926db30","      NOP","1450","1070","1450","2097152","67108864","67108864","32","32","0","-","-","-","0","0","0","0","0","0","0","0","0","-","0","0","0","0","0","0","0","0","37","0","0","0","0","0","0","0","0","0","25","93","0","0","0","1295","0","0","37","0","0","0","0","0","0","0","0","0","0","0","0","0","0","1033"
"0x7fb15926db40","      IMMA.16864.U4.S4 R32, R4.ROW, R2.COL, R32","3950","2855","3950","2097152","67108864","67108864","32","32","0","-","-","-","0","0","0","0","0","0","0","0","0","-","0","0","0","0","0","0","0","0","0","0","0","0","0","3097","0","0","91","0","658","104","0","0","0","0","0","0","0","0","0","0","0","2826","0","0","29","0","0","0","0","0","0","0"
"0x7fb15926db50","      IMMA.16864.U4.S4 R12, R4.ROW, R2.COL, R8","905","722","905","2097152","67108864","67108864","32","32","0","-","-","-","0","0","0","0","0","0","0","0","0","-","0","0","0","0","0","0","0","0","0","0","0","0","0","86","0","0","0","0","13","89","0","0","0","717","0","0","0","0","0","0","0","86","0","0","0","0","0","0","0","0","0","636"
"0x7fb15926db60","      IMMA.16864.S4.S4 R8, R4.ROW, R2.COL, RZ","753","644","753","2097152","67108864","67108864","32","32","0","-","-","-","0","0","0","0","0","0","0","0","0","-","0","0","0","0","0","0","0","0","2","0","0","0","0","0","0","0","0","0","0","96","0","0","0","655","0","0","0","0","0","0","0","0","0","0","0","0","0","0","0","0","0","644"
"0x7fb15926db70","      IMAD.MOV.U32 R35, RZ, RZ, R17","379","243","379","2097152","67108864","67108864","32","32","0","-","-","-","0","0","0","0","0","0","0","0","0","-","0","0","0","0","0","0","0","0","5","0","0","0","0","6","0","0","0","0","0","91","0","0","0","277","0","0","0","0","0","0","0","0","0","0","0","0","0","0","0","0","0","243"
"0x7fb15926db80","      MOV R34, R16","85","0","85","2097152","67108864","67108864","32","32","0","-","-","-","0","0","0","0","0","0","0","0","0","-","0","0","0","0","0","0","0","0","0","0","0","0","0","0","0","0","0","0","0","85","0","0","0","0","0","0","0","0","0","0","0","0","0","0","0","0","0","0","0","0","0","0"
"0x7fb15926db90","      MOV R33, R12","1105","818","1105","2097152","67108864","67108864","32","32","0","-","-","-","0","0","0","0","0","0","0","0","0","-","0","0","0","0","0","0","0","0","0","0","0","0","0","26","0","0","0","0","53","82","0","0","0","944","0","0","0","0","0","0","0","11","0","0","0","0","0","0","0","0","0","807"
"0x7fb15926dba0","      IMMA.16864.S4.S4 R8, R4.ROW, R2.COL, R8","2945","2103","2945","2097152","67108864","67108864","32","32","0","-","-","-","0","0","0","0","0","0","0","0","0","-","0","0","0","0","0","0","0","0","2","0","0","0","0","1761","0","0","0","0","343","69","0","0","0","770","0","0","1","0","0","0","0","1576","0","0","0","0","0","0","0","0","0","526"
"0x7fb15926dbb0","      NOP","1446","1131","1446","2097152","67108864","67108864","32","32","0","-","-","-","0","0","0","0","0","0","0","0","0","-","0","0","0","0","0","0","0","0","2","0","0","0","0","0","0","0","0","0","14","95","0","0","0","1335","0","0","2","0","0","0","0","0","0","0","0","0","0","0","0","0","0","1129"
"0x7fb15926dbc0","      IMAD.SHL.U32 R8, R8, 0x10, RZ","947","581","947","2097152","67108864","67108864","32","32","0","-","-","-","0","0","0","0","0","0","0","0","0","-","0","0","0","0","0","0","0","0","0","0","0","0","0","52","0","0","0","0","75","95","0","0","0","725","0","0","0","0","0","0","0","0","0","0","0","0","0","0","0","0","0","581"
"0x7fb15926dbd0","      SHF.L.U32 R9, R9, 0x4, RZ","93","0","93","2097152","67108864","67108864","32","32","0","-","-","-","0","0","0","0","0","0","0","0","0","-","0","0","0","0","0","0","0","0","0","0","0","0","0","0","0","0","0","0","0","93","0","0","0","0","0","0","0","0","0","0","0","0","0","0","0","0","0","0","0","0","0","0"
"0x7fb15926dbe0","      IMAD.SHL.U32 R10, R10, 0x10, RZ","122","0","122","2097152","67108864","67108864","32","32","0","-","-","-","0","0","0","0","0","0","0","0","0","-","0","0","0","0","0","0","0","0","37","0","0","0","0","0","0","0","0","0","0","85","0","0","0","0","0","0","0","0","0","0","0","0","0","0","0","0","0","0","0","0","0","0"
"0x7fb15926dbf0","      SHF.L.U32 R11, R11, 0x4, RZ","102","0","102","2097152","67108864","67108864","32","32","0","-","-","-","0","0","0","0","0","0","0","0","0","-","0","0","0","0","0","0","0","0","2","0","0","0","0","0","0","0","0","0","0","100","0","0","0","0","0","0","0","0","0","0","0","0","0","0","0","0","0","0","0","0","0","0"
"0x7fb15926dc00","      IMMA.16864.U4.S4 R8, R4.ROW, R2.COL, R8","5852","4181","5852","2097152","67108864","67108864","32","32","0","-","-","-","0","0","0","0","0","0","0","0","0","-","0","0","0","0","0","0","0","0","30","0","0","0","0","4305","0","0","0","0","774","81","0","0","0","662","0","0","0","0","0","0","0","3693","0","0","0","0","0","0","0","0","0","488"
"0x7fb15926dc10","      NOP","1405","1183","1405","2097152","67108864","67108864","32","32","0","-","-","-","0","0","0","0","0","0","0","0","0","-","0","0","0","0","0","0","0","0","1","0","0","0","0","0","0","0","0","0","2","79","0","0","0","1323","0","0","1","0","0","0","0","0","0","0","0","0","0","0","0","0","0","1182"
"0x7fb15926dc20","      IMMA.16864.U4.S4 R16, R4.ROW, R2.COL, R8","2926","2051","2926","2097152","67108864","67108864","32","32","0","-","-","-","0","0","0","0","0","0","0","0","0","-","0","0","0","0","0","0","0","0","0","0","0","0","0","1734","0","0","0","0","356","90","0","0","0","746","0","0","0","0","0","0","0","1490","0","0","0","0","0","0","0","0","0","561"
"0x7fb15926dc30","      IMMA.16864.S4.S4 R8, R4.ROW, R2.COL, RZ","957","715","957","2097152","67108864","67108864","32","32","0","-","-","-","0","0","0","0","0","0","0","0","0","-","0","0","0","0","0","0","0","0","0","0","0","0","0","94","0","0","0","0","9","78","0","0","0","776","0","0","0","0","0","0","0","94","0","0","0","0","0","0","0","0","0","621"
"0x7fb15926dc40","      IMAD.MOV.U32 R19, RZ, RZ, R21","1137","848","1137","2097152","67108864","67108864","32","32","0","-","-","-","0","0","0","0","0","0","0","0","0","-","0","0","0","0","0","0","0","0","0","0","0","0","0","28","0","0","0","0","19","82","0","0","0","1008","0","0","0","0","0","0","0","0","0","0","0","0","0","0","0","0","0","848"
"0x7fb15926dc50","      IMMA.16864.S4.S4 R20, R4.ROW, R2.COL, RZ","442","342","442","2097152","67108864","67108864","32","32","0","-","-","-","0","0","0","0","0","0","0","0","0","-","0","0","0","0","0","0","0","0","3","0","0","0","0","270","0","0","0","0","6","80","0","0","0","83","0","0","3","0","0","0","0","266","0","0","0","0","0","0","0","0","0","73"
"0x7fb15926dc60","      IADD3 R0, R34, R19, R0","295","188","295","2097152","67108864","67108864","32","32","0","-","-","-","0","0","0","0","0","0","0","0","0","-","0","0","0","0","0","0","0","0","2","0","0","0","0","2","0","0","0","0","2","89","0","0","0","200","0","0","2","0","0","0","0","2","0","0","0","0","0","0","0","0","0","184"
"0x7fb15926dc70","      IMMA.16864.S4.S4 R8, R4.ROW, R2.COL, R8","2643","1939","2643","2097152","67108864","67108864","32","32","0","-","-","-","0","0","0","0","0","0","0","0","0","-","0","0","0","0","0","0","0","0","0","0","0","0","0","1599","0","0","0","0","275","95","0","0","0","674","0","0","0","0","0","0","0","1461","0","0","0","0","0","0","0","0","0","478"
"0x7fb15926dc80","      IMMA.16864.S4.S4 R20, R4.ROW, R2.COL, R20","3344","2670","3344","2097152","67108864","67108864","32","32","0","-","-","-","0","0","0","0","0","0","0","0","0","-","0","0","0","0","0","0","0","0","0","0","0","0","0","1704","0","0","0","0","279","63","0","0","0","1298","0","0","0","0","0","0","0","1562","0","0","0","0","0","0","0","0","0","1108"
"0x7fb15926dc90","      IMAD.SHL.U32 R8, R8, 0x10, RZ","1061","734","1061","2097152","67108864","67108864","32","32","0","-","-","-","0","0","0","0","0","0","0","0","0","-","0","0","0","0","0","0","0","0","0","0","0","0","0","13","0","0","0","0","26","90","0","0","0","932","0","0","0","0","0","0","0","1","0","0","0","0","0","0","0","0","0","733"
"0x7fb15926dca0","      SHF.L.U32 R9, R9, 0x4, RZ","94","0","94","2097152","67108864","67108864","32","32","0","-","-","-","0","0","0","0","0","0","0","0","0","-","0","0","0","0","0","0","0","0","0","0","0","0","0","0","0","0","0","0","0","94","0","0","0","0","0","0","0","0","0","0","0","0","0","0","0","0","0","0","0","0","0","0"
"0x7fb15926dcb0","      IMAD.SHL.U32 R10, R10, 0x10, RZ","101","0","101","2097152","67108864","67108864","32","32","0","-","-","-","0","0","0","0","0","0","0","0","0","-","0","0","0","0","0","0","0","0","0","0","0","0","0","0","0","0","0","0","0","101","0","0","0","0","0","0","0","0","0","0","0","0","0","0","0","0","0","0","0","0","0","0"
"0x7fb15926dcc0","      SHF.L.U32 R11, R11, 0x4, RZ","98","0","98","2097152","67108864","67108864","32","32","0","-","-","-","0","0","0","0","0","0","0","0","0","-","0","0","0","0","0","0","0","0","18","0","0","0","0","0","0","0","0","0","0","80","0","0","0","0","0","0","0","0","0","0","0","0","0","0","0","0","0","0","0","0","0","0"
"0x7fb15926dcd0","      IMMA.16864.U4.S4 R8, R4.ROW, R2.COL, R8","2083","1398","2083","2097152","67108864","67108864","32","32","0","-","-","-","0","0","0","0","0","0","0","0","0","-","0","0","0","0","0","0","0","0","31","0","0","0","0","1043","0","0","0","0","205","95","0","0","0","709","0","0","0","0","0","0","0","888","0","0","0","0","0","0","0","0","0","510"
"0x7fb15926dce0","      IMAD.SHL.U32 R20, R20, 0x10, RZ","491","304","491","2097152","67108864","67108864","32","32","0","-","-","-","0","0","0","0","0","0","0","0","0","-","0","0","0","0","0","0","0","0","82","0","0","0","0","0","0","0","0","0","0","92","0","0","0","317","0","0","21","0","0","0","0","0","0","0","0","0","0","0","0","0","0","283"
"0x7fb15926dcf0","      SHF.L.U32 R21, R21, 0x4, RZ","88","0","88","2097152","67108864","67108864","32","32","0","-","-","-","0","0","0","0","0","0","0","0","0","-","0","0","0","0","0","0","0","0","0","0","0","0","0","0","0","0","0","0","0","88","0","0","0","0","0","0","0","0","0","0","0","0","0","0","0","0","0","0","0","0","0","0"
"0x7fb15926dd00","      IMAD.SHL.U32 R22, R22, 0x10, RZ","137","0","137","2097152","67108864","67108864","32","32","0","-","-","-","0","0","0","0","0","0","0","0","0","-","0","0","0","0","0","0","0","0","35","0","0","0","0","0","0","0","0","0","0","102","0","0","0","0","0","0","0","0","0","0","0","0","0","0","0","0","0","0","0","0","0","0"
"0x7fb15926dd10","      SHF.L.U32 R23, R23, 0x4, RZ","96","0","96","2097152","67108864","67108864","32","32","0","-","-","-","0","0","0","0","0","0","0","0","0","-","0","0","0","0","0","0","0","0","0","0","0","0","0","0","0","0","0","0","0","96","0","0","0","0","0","0","0","0","0","0","0","0","0","0","0","0","0","0","0","0","0","0"
"0x7fb15926dd20","      IMMA.16864.U4.S4 R20, R4.ROW, R2.COL, R20","2687","1788","2687","2097152","67108864","67108864","32","32","0","-","-","-","0","0","0","0","0","0","0","0","0","-","0","0","0","0","0","0","0","0","20","0","0","0","0","1729","0","0","0","0","254","104","0","0","0","580","0","0","3","0","0","0","0","1416","0","0","0","0","0","0","0","0","0","369"
"0x7fb15926dd30","      IMMA.16864.U4.S4 R12, R4.ROW, R2.COL, R8","1714","1362","1714","2097152","67108864","67108864","32","32","0","-","-","-","0","0","0","0","0","0","0","0","0","-","0","0","0","0","0","0","0","0","15","0","0","0","0","714","0","0","0","0","49","82","0","0","0","854","0","0","15","0","0","0","0","626","0","0","0","0","0","0","0","0","0","721"
"0x7fb15926dd40","      IMMA.16864.S4.S4 R8, R4.ROW, R2.COL, RZ","748","647","748","2097152","67108864","67108864","32","32","0","-","-","-","0","0","0","0","0","0","0","0","0","-","0","0","0","0","0","0","0","0","0","0","0","0","0","14","0","0","0","0","5","86","0","0","0","643","0","0","0","0","0","0","0","14","0","0","0","0","0","0","0","0","0","633"
"0x7fb15926dd50","      IMMA.16864.U4.S4 R20, R4.ROW, R2.COL, R20","769","666","769","2097152","67108864","67108864","32","32","0","-","-","-","0","0","0","0","0","0","0","0","0","-","0","0","0","0","0","0","0","0","0","0","0","0","0","0","0","0","0","0","1","100","0","0","0","668","0","0","0","0","0","0","0","0","0","0","0","0","0","0","0","0","0","666"
"0x7fb15926dd60","      NOP","1427","1214","1427","2097152","67108864","67108864","32","32","0","-","-","-","0","0","0","0","0","0","0","0","0","-","0","0","0","0","0","0","0","0","0","0","0","0","0","0","0","0","0","0","8","93","0","0","0","1326","0","0","0","0","0","0","0","0","0","0","0","0","0","0","0","0","0","1214"
"0x7fb15926dd70","      IMMA.16864.S4.S4 R8, R4.ROW, R2.COL, R8","5320","3812","5320","2097152","67108864","67108864","32","32","0","-","-","-","0","0","0","0","0","0","0","0","0","-","0","0","0","0","0","0","0","0","1","0","0","0","0","4363","0","0","108","0","749","99","0","0","0","0","0","0","1","0","0","0","0","3796","0","0","15","0","0","0","0","0","0","0"
"0x7fb15926dd80","      NOP","1564","1114","1564","2097152","67108864","67108864","32","32","0","-","-","-","0","0","0","0","0","0","0","0","0","-","0","0","0","0","0","0","0","0","2","0","0","0","0","0","0","0","0","0","19","84","0","0","0","1459","0","0","2","0","0","0","0","0","0","0","0","0","0","0","0","0","0","1112"
"0x7fb15926dd90","      IMAD.SHL.U32 R8, R8, 0x10, RZ","1031","634","1031","2097152","67108864","67108864","32","32","0","-","-","-","0","0","0","0","0","0","0","0","0","-","0","0","0","0","0","0","0","0","1","0","0","0","0","51","0","0","0","0","107","96","0","0","0","776","0","0","0","0","0","0","0","0","0","0","0","0","0","0","0","0","0","634"
"0x7fb15926dda0","      SHF.L.U32 R9, R9, 0x4, RZ","81","0","81","2097152","67108864","67108864","32","32","0","-","-","-","0","0","0","0","0","0","0","0","0","-","0","0","0","0","0","0","0","0","0","0","0","0","0","0","0","0","0","0","0","81","0","0","0","0","0","0","0","0","0","0","0","0","0","0","0","0","0","0","0","0","0","0"
"0x7fb15926ddb0","      IMAD.SHL.U32 R10, R10, 0x10, RZ","134","0","134","2097152","67108864","67108864","32","32","0","-","-","-","0","0","0","0","0","0","0","0","0","-","0","0","0","0","0","0","0","0","27","0","0","0","0","0","0","0","0","0","0","107","0","0","0","0","0","0","0","0","0","0","0","0","0","0","0","0","0","0","0","0","0","0"
"0x7fb15926ddc0","      SHF.L.U32 R11, R11, 0x4, RZ","105","0","105","2097152","67108864","67108864","32","32","0","-","-","-","0","0","0","0","0","0","0","0","0","-","0","0","0","0","0","0","0","0","16","0","0","0","0","0","0","0","0","0","0","89","0","0","0","0","0","0","0","0","0","0","0","0","0","0","0","0","0","0","0","0","0","0"
"0x7fb15926ddd0","      IMMA.16864.U4.S4 R8, R4.ROW, R2.COL, R8","10960","8019","10960","2097152","67108864","67108864","32","32","0","-","-","-","0","0","0","0","0","0","0","0","0","-","0","0","0","0","0","0","0","0","30","0","0","0","0","8592","0","0","0","0","1598","80","0","0","0","660","0","0","30","0","0","0","0","7525","0","0","0","0","0","0","0","0","0","464"
"0x7fb15926dde0","      NOP","1518","1083","1518","2097152","67108864","67108864","32","32","0","-","-","-","0","0","0","0","0","0","0","0","0","-","0","0","0","0","0","0","0","0","0","0","0","0","0","0","0","0","0","0","13","94","0","0","0","1411","0","0","0","0","0","0","0","0","0","0","0","0","0","0","0","0","0","1083"
"0x7fb15926ddf0","      IMMA.16864.U4.S4 R8, R4.ROW, R2.COL, R8","5318","3998","5318","2097152","67108864","67108864","32","32","0","-","-","-","0","0","0","0","0","0","0","0","0","-","0","0","0","0","0","0","0","0","1","0","0","0","0","3824","0","0","0","0","666","87","0","0","0","740","0","0","1","0","0","0","0","3414","0","0","0","0","0","0","0","0","0","583"
"0x7fb15926de00","      NOP","1503","1192","1503","2097152","67108864","67108864","32","32","0","-","-","-","0","0","0","0","0","0","0","0","0","-","0","0","0","0","0","0","0","0","30","0","0","0","0","0","0","0","0","0","9","110","0","0","0","1354","0","0","0","0","0","0","0","0","0","0","0","0","0","0","0","0","0","1192"
"0x7fb15926de10","      IADD3 R9, R37, R35, R0","620","273","620","2097152","67108864","67108864","32","32","0","-","-","-","0","0","0","0","0","0","0","0","0","-","0","0","0","0","0","0","0","0","36","0","0","0","0","75","0","0","0","0","53","96","0","0","0","360","0","0","16","0","0","0","0","35","0","0","0","0","0","0","0","0","0","222"
"0x7fb15926de20","      IADD3 R9, R32, R33, R9","399","193","399","2097152","67108864","67108864","32","32","0","-","-","-","0","0","0","0","0","0","0","0","0","-","0","0","0","0","0","0","0","0","11","0","0","0","0","16","0","0","0","0","8","80","0","0","0","284","0","0","0","0","0","0","0","0","0","0","0","0","0","0","0","0","0","193"
"0x7fb15926de30","      IADD3 R9, R12, R16, R9","499","322","499","2097152","67108864","67108864","32","32","0","-","-","-","0","0","0","0","0","0","0","0","0","-","0","0","0","0","0","0","0","0","2","0","0","0","0","2","0","0","0","0","0","95","0","0","0","400","0","0","2","0","0","0","0","0","0","0","0","0","0","0","0","0","0","320"
"0x7fb15926de40","      IADD3 R9, R24, R8, R9","542","190","542","2097152","67108864","67108864","32","32","0","-","-","-","0","0","0","0","0","0","0","0","0","-","0","0","0","0","0","0","0","0","0","0","0","0","0","30","0","0","0","0","64","78","0","0","0","370","0","0","0","0","0","0","0","19","0","0","0","0","0","0","0","0","0","171"
"0x7fb15926de50","      IADD3 R0, R20, R28, R9","607","230","607","2097152","67108864","67108864","32","32","0","-","-","-","0","0","0","0","0","0","0","0","0","-","0","0","0","0","0","0","0","0","3","0","0","0","0","81","0","0","0","0","44","93","0","0","0","386","0","0","0","0","0","0","0","1","0","0","0","0","0","0","0","0","0","229"
"0x7fb15926de60","@!P0  BRA 0x7fb15926d4b0","168","0","168","2097152","67108864","66846720","32","31","0","-","-","-","0","0","0","0","0","0","0","0","0","-","0","0","0","0","0","0","0","0","86","0","0","0","0","0","0","0","0","0","0","82","0","0","0","0","0","0","0","0","0","0","0","0","0","0","0","0","0","0","0","0","0","0"
"0x7fb15926de70","      LDL.LU.64 R8, [R1]","513","285","513","8192","262144","262144","32","32","0","Local","Load","64","0","0","0","0","0","0","0","0","65536","-","0","0","0","0","0","0","0","23","0","0","0","0","0","0","0","0","0","0","0","89","0","0","0","401","0","21","0","0","0","0","0","0","0","0","0","0","0","0","0","0","0","264"
"0x7fb15926de80","      STG.E [R8.64], R0","58","43","58","8192","262144","262144","32","32","0","Global","Store","32","8192","0","0","0","0","0","32768","32768","0","","0","0","0","0","0","0","0","0","0","0","0","0","57","0","0","0","0","0","0","0","0","0","0","1","0","0","0","0","0","0","42","0","0","0","0","0","0","0","0","0","0","1"
"0x7fb15926de90","      EXIT","2","0","2","8192","262144","262144","32","32","0","-","-","-","0","0","0","0","0","0","0","0","0","-","0","0","0","0","0","0","0","0","0","0","0","0","0","0","0","0","0","0","0","2","0","0","0","0","0","0","0","0","0","0","0","0","0","0","0","0","0","0","0","0","0","0"
"0x7fb15926dea0","      BRA 0x7fb15926dea0","16","12","16","0","0","0","0","0","0","-","-","-","0","0","0","0","0","0","0","0","0","-","0","0","0","0","0","0","0","4","0","12","0","0","0","0","0","0","0","0","0","0","0","0","0","0","0","3","0","9","0","0","0","0","0","0","0","0","0","0","0","0","0","0"
"0x7fb15926deb0","      NOP","0","0","0","0","0","0","0","0","0","-","-","-","0","0","0","0","0","0","0","0","0","-","0","0","0","0","0","0","0","0","0","0","0","0","0","0","0","0","0","0","0","0","0","0","0","0","0","0","0","0","0","0","0","0","0","0","0","0","0","0","0","0","0","0"
"0x7fb15926dec0","      NOP","0","0","0","0","0","0","0","0","0","-","-","-","0","0","0","0","0","0","0","0","0","-","0","0","0","0","0","0","0","0","0","0","0","0","0","0","0","0","0","0","0","0","0","0","0","0","0","0","0","0","0","0","0","0","0","0","0","0","0","0","0","0","0","0"
"0x7fb15926ded0","      NOP","0","0","0","0","0","0","0","0","0","-","-","-","0","0","0","0","0","0","0","0","0","-","0","0","0","0","0","0","0","0","0","0","0","0","0","0","0","0","0","0","0","0","0","0","0","0","0","0","0","0","0","0","0","0","0","0","0","0","0","0","0","0","0","0"
"0x7fb15926dee0","      NOP","0","0","0","0","0","0","0","0","0","-","-","-","0","0","0","0","0","0","0","0","0","-","0","0","0","0","0","0","0","0","0","0","0","0","0","0","0","0","0","0","0","0","0","0","0","0","0","0","0","0","0","0","0","0","0","0","0","0","0","0","0","0","0","0"
"0x7fb15926def0","      NOP","0","0","0","0","0","0","0","0","0","-","-","-","0","0","0","0","0","0","0","0","0","-","0","0","0","0","0","0","0","0","0","0","0","0","0","0","0","0","0","0","0","0","0","0","0","0","0","0","0","0","0","0","0","0","0","0","0","0","0","0","0","0","0","0"
"0x7fb15926df00","      NOP","0","0","0","0","0","0","0","0","0","-","-","-","0","0","0","0","0","0","0","0","0","-","0","0","0","0","0","0","0","0","0","0","0","0","0","0","0","0","0","0","0","0","0","0","0","0","0","0","0","0","0","0","0","0","0","0","0","0","0","0","0","0","0","0"
"0x7fb15926df10","      NOP","0","0","0","0","0","0","0","0","0","-","-","-","0","0","0","0","0","0","0","0","0","-","0","0","0","0","0","0","0","0","0","0","0","0","0","0","0","0","0","0","0","0","0","0","0","0","0","0","0","0","0","0","0","0","0","0","0","0","0","0","0","0","0","0"
"0x7fb15926df20","      NOP","0","0","0","0","0","0","0","0","0","-","-","-","0","0","0","0","0","0","0","0","0","-","0","0","0","0","0","0","0","0","0","0","0","0","0","0","0","0","0","0","0","0","0","0","0","0","0","0","0","0","0","0","0","0","0","0","0","0","0","0","0","0","0","0"
"0x7fb15926df30","      NOP","0","0","0","0","0","0","0","0","0","-","-","-","0","0","0","0","0","0","0","0","0","-","0","0","0","0","0","0","0","0","0","0","0","0","0","0","0","0","0","0","0","0","0","0","0","0","0","0","0","0","0","0","0","0","0","0","0","0","0","0","0","0","0","0"
"0x7fb15926df40","      NOP","0","0","0","0","0","0","0","0","0","-","-","-","0","0","0","0","0","0","0","0","0","-","0","0","0","0","0","0","0","0","0","0","0","0","0","0","0","0","0","0","0","0","0","0","0","0","0","0","0","0","0","0","0","0","0","0","0","0","0","0","0","0","0","0"
"0x7fb15926df50","      NOP","0","0","0","0","0","0","0","0","0","-","-","-","0","0","0","0","0","0","0","0","0","-","0","0","0","0","0","0","0","0","0","0","0","0","0","0","0","0","0","0","0","0","0","0","0","0","0","0","0","0","0","0","0","0","0","0","0","0","0","0","0","0","0","0"
"0x7fb15926df60","      NOP","0","0","0","0","0","0","0","0","0","-","-","-","0","0","0","0","0","0","0","0","0","-","0","0","0","0","0","0","0","0","0","0","0","0","0","0","0","0","0","0","0","0","0","0","0","0","0","0","0","0","0","0","0","0","0","0","0","0","0","0","0","0","0","0"
"0x7fb15926df70","      NOP","0","0","0","0","0","0","0","0","0","-","-","-","0","0","0","0","0","0","0","0","0","-","0","0","0","0","0","0","0","0","0","0","0","0","0","0","0","0","0","0","0","0","0","0","0","0","0","0","0","0","0","0","0","0","0","0","0","0","0","0","0","0","0","0"
