timestamp, clocks.current.sm [MHz], temperature.gpu, power.draw [W], utilization.gpu [%]
2026/09/30 12:32:16.213, 1410 MHz, 38, 60.00 W, 0 %
2026/09/30 12:32:16.314, 1410 MHz, 38, 60.21 W, 0 %
2026/09/30 12:32:16.414, 1410 MHz, 38, 59.99 W, 0 %
2026/09/30 12:32:16.514, 1410 MHz, 38, 61.08 W, 0 %
2026/09/30 12:32:16.614, 1410 MHz, 38, 59.99 W, 0 %
2026/09/30 12:32:16.714, 1410 MHz, 38, 60.29 W, 0 %
2026/09/30 12:32:16.815, 1410 MHz, 38, 60.29 W, 0 %
2026/09/30 12:32:16.915, 1410 MHz, 38, 60.29 W, 0 %
2026/09/30 12:32:17.018, 1410 MHz, 38, 70.44 W, 0 %
2026/09/30 12:32:17.118, 1410 MHz, 38, 60.65 W, 0 %
2026/09/30 12:32:17.218, 1410 MHz, 38, 59.99 W, 0 %
2026/09/30 12:32:17.318, 1410 MHz, 38, 60.50 W, 0 %
2026/09/30 12:32:17.418, 1410 MHz, 38, 60.29 W, 0 %
2026/09/30 12:32:17.518, 1410 MHz, 38, 60.60 W, 0 %
2026/09/30 12:32:17.619, 1410 MHz, 38, 60.40 W, 0 %
2026/09/30 12:32:17.719, 1410 MHz, 38, 60.30 W, 0 %
2026/09/30 12:32:17.819, 1410 MHz, 38, 60.19 W, 0 %
2026/09/30 12:32:17.919, 1410 MHz, 38, 60.19 W, 0 %
2026/09/30 12:32:18.019, 1410 MHz, 38, 60.19 W, 0 %
2026/09/30 12:32:18.119, 1410 MHz, 38, 60.19 W, 0 %
2026/09/30 12:32:18.220, 1410 MHz, 38, 70.34 W, 0 %
2026/09/30 12:32:18.320, 1410 MHz, 38, 67.77 W, 0 %
2026/09/30 12:32:18.420, 1410 MHz, 38, 61.38 W, 0 %
2026/09/30 12:32:18.520, 1410 MHz, 38, 69.05 W, 0 %
2026/09/30 12:32:18.620, 1410 MHz, 38, 62.78 W, 3 %
2026/09/30 12:32:18.721, 1410 MHz, 38, 61.08 W, 3 %
2026/09/30 12:32:18.821, 1410 MHz, 38, 68.27 W, 6 %
2026/09/30 12:32:18.921, 1410 MHz, 38, 68.95 W, 6 %
2026/09/30 12:32:19.021, 1410 MHz, 38, 66.30 W, 6 %
2026/09/30 12:32:19.121, 1410 MHz, 38, 65.11 W, 6 %
2026/09/30 12:32:19.221, 1410 MHz, 38, 67.87 W, 7 %
2026/09/30 12:32:19.322, 1410 MHz, 38, 67.87 W, 7 %
2026/09/30 12:32:19.422, 1410 MHz, 38, 67.87 W, 7 %
2026/09/30 12:32:19.522, 1410 MHz, 38, 65.41 W, 7 %
2026/09/30 12:32:19.622, 1410 MHz, 38, 62.17 W, 7 %
2026/09/30 12:32:19.722, 1140 MHz, 41, 260.45 W, 0 %
2026/09/30 12:32:19.822, 1185 MHz, 45, 269.88 W, 0 %
2026/09/30 12:32:19.923, 1140 MHz, 46, 269.88 W, 47 %
2026/09/30 12:32:20.023, 1215 MHz, 46, 213.47 W, 47 %
2026/09/30 12:32:20.123, 1215 MHz, 47, 249.64 W, 92 %
2026/09/30 12:32:20.223, 1125 MHz, 48, 282.63 W, 92 %
2026/09/30 12:32:20.323, 1155 MHz, 47, 249.82 W, 98 %
2026/09/30 12:32:20.424, 1140 MHz, 48, 256.07 W, 98 %
2026/09/30 12:32:20.524, 1155 MHz, 45, 136.56 W, 96 %
2026/09/30 12:32:20.624, 1155 MHz, 45, 136.56 W, 96 %
2026/09/30 12:32:20.724, 1155 MHz, 45, 136.56 W, 96 %
2026/09/30 12:32:20.824, 1155 MHz, 45, 136.56 W, 96 %
2026/09/30 12:32:20.924, 1155 MHz, 43, 69.45 W, 96 %
2026/09/30 12:32:21.025, 1215 MHz, 43, 261.34 W, 33 %
2026/09/30 12:32:21.125, 1155 MHz, 48, 255.02 W, 33 %
2026/09/30 12:32:21.225, 1125 MHz, 49, 251.60 W, 98 %
2026/09/30 12:32:21.325, 1155 MHz, 48, 257.54 W, 98 %
2026/09/30 12:32:21.425, 1185 MHz, 49, 255.80 W, 97 %
2026/09/30 12:32:21.525, 1140 MHz, 49, 252.96 W, 97 %
2026/09/30 12:32:21.626, 1365 MHz, 47, 64.32 W, 83 %
2026/09/30 12:32:21.726, 1200 MHz, 49, 249.74 W, 83 %
2026/09/30 12:32:21.826, 1125 MHz, 49, 256.60 W, 93 %
2026/09/30 12:32:21.926, 1125 MHz, 50, 243.68 W, 93 %
2026/09/30 12:32:22.026, 1125 MHz, 50, 243.68 W, 93 %
2026/09/30 12:32:22.126, 1125 MHz, 50, 243.68 W, 93 %
2026/09/30 12:32:22.226, 1125 MHz, 50, 243.68 W, 93 %
2026/09/30 12:32:22.327, 1170 MHz, 44, 310.67 W, 55 %
2026/09/30 12:32:22.427, 1140 MHz, 49, 251.17 W, 55 %
2026/09/30 12:32:22.527, 1140 MHz, 50, 253.36 W, 57 %
2026/09/30 12:32:22.627, 1380 MHz, 48, 58.64 W, 57 %
2026/09/30 12:32:22.727, 1110 MHz, 48, 307.98 W, 76 %
2026/09/30 12:32:22.827, 1260 MHz, 49, 201.49 W, 76 %
2026/09/30 12:32:22.928, 1140 MHz, 45, 330.51 W, 70 %
2026/09/30 12:32:23.028, 1140 MHz, 50, 257.14 W, 70 %
2026/09/30 12:32:23.128, 1140 MHz, 50, 249.63 W, 68 %
2026/09/30 12:32:23.228, 1155 MHz, 50, 264.92 W, 68 %
2026/09/30 12:32:23.328, 1155 MHz, 51, 264.92 W, 68 %
2026/09/30 12:32:23.428, 1155 MHz, 51, 264.92 W, 68 %
2026/09/30 12:32:23.528, 1410 MHz, 51, 264.92 W, 68 %
2026/09/30 12:32:23.629, 1200 MHz, 49, 72.79 W, 14 %
2026/09/30 12:32:23.729, 1305 MHz, 49, 346.62 W, 14 %
2026/09/30 12:32:23.829, 1140 MHz, 50, 250.20 W, 81 %
2026/09/30 12:32:23.929, 1140 MHz, 50, 287.56 W, 81 %
2026/09/30 12:32:24.029, 1140 MHz, 51, 256.26 W, 98 %
2026/09/30 12:32:24.129, 1155 MHz, 51, 259.78 W, 98 %
2026/09/30 12:32:24.230, 1155 MHz, 51, 236.05 W, 98 %
2026/09/30 12:32:24.330, 1215 MHz, 51, 201.43 W, 98 %
2026/09/30 12:32:24.430, 1080 MHz, 51, 252.09 W, 98 %
2026/09/30 12:32:24.530, 1125 MHz, 51, 254.91 W, 98 %
2026/09/30 12:32:24.630, 1125 MHz, 51, 238.79 W, 98 %
2026/09/30 12:32:24.731, 1125 MHz, 51, 238.79 W, 98 %
2026/09/30 12:32:24.831, 1125 MHz, 51, 238.79 W, 0 %
2026/09/30 12:32:24.931, 1335 MHz, 44, 102.14 W, 0 %
2026/09/30 12:32:25.031, 1335 MHz, 49, 102.14 W, 0 %
2026/09/30 12:32:25.131, 1290 MHz, 50, 244.84 W, 47 %
2026/09/30 12:32:25.231, 1125 MHz, 50, 323.59 W, 47 %
2026/09/30 12:32:25.332, 1230 MHz, 51, 182.47 W, 82 %
2026/09/30 12:32:25.432, 1215 MHz, 51, 255.40 W, 82 %
2026/09/30 12:32:25.532, 1125 MHz, 51, 222.32 W, 94 %
2026/09/30 12:32:25.632, 1185 MHz, 51, 248.82 W, 94 %
2026/09/30 12:32:25.732, 1140 MHz, 52, 259.68 W, 96 %
2026/09/30 12:32:25.832, 1350 MHz, 52, 253.83 W, 96 %
2026/09/30 12:32:25.933, 1125 MHz, 51, 293.74 W, 81 %
2026/09/30 12:32:26.033, 1125 MHz, 51, 293.74 W, 81 %
2026/09/30 12:32:26.133, 1125 MHz, 51, 293.74 W, 81 %
2026/09/30 12:32:26.233, 1125 MHz, 51, 293.74 W, 81 %
2026/09/30 12:32:26.333, 1410 MHz, 51, 293.74 W, 81 %
2026/09/30 12:32:26.434, 1110 MHz, 50, 257.05 W, 81 %
2026/09/30 12:32:26.534, 1140 MHz, 51, 259.10 W, 41 %
2026/09/30 12:32:26.634, 1140 MHz, 51, 259.10 W, 41 %
2026/09/30 12:32:26.734, 1140 MHz, 51, 250.59 W, 97 %
2026/09/30 12:32:26.834, 1335 MHz, 52, 252.75 W, 97 %
2026/09/30 12:32:26.934, 1200 MHz, 52, 252.28 W, 83 %
2026/09/30 12:32:27.035, 1200 MHz, 52, 252.28 W, 83 %
2026/09/30 12:32:27.135, 1140 MHz, 53, 292.61 W, 92 %
2026/09/30 12:32:27.235, 1170 MHz, 52, 245.42 W, 92 %
2026/09/30 12:32:27.335, 1125 MHz, 52, 252.05 W, 98 %
2026/09/30 12:32:27.435, 1125 MHz, 52, 252.05 W, 98 %
2026/09/30 12:32:27.535, 1125 MHz, 52, 252.05 W, 98 %
2026/09/30 12:32:27.635, 1125 MHz, 52, 252.05 W, 98 %
2026/09/30 12:32:27.736, 1395 MHz, 50, 71.89 W, 98 %
2026/09/30 12:32:27.836, 1125 MHz, 51, 227.35 W, 50 %
2026/09/30 12:32:27.936, 1335 MHz, 52, 256.45 W, 50 %
2026/09/30 12:32:28.036, 1110 MHz, 52, 324.44 W, 81 %
2026/09/30 12:32:28.136, 1155 MHz, 51, 223.29 W, 81 %
2026/09/30 12:32:28.236, 1155 MHz, 52, 251.61 W, 94 %
2026/09/30 12:32:28.336, 1140 MHz, 53, 274.00 W, 94 %
2026/09/30 12:32:28.437, 1155 MHz, 53, 245.44 W, 97 %
2026/09/30 12:32:28.537, 1200 MHz, 53, 249.82 W, 97 %
2026/09/30 12:32:28.637, 1215 MHz, 53, 253.45 W, 98 %
2026/09/30 12:32:28.737, 1305 MHz, 53, 256.46 W, 98 %
2026/09/30 12:32:28.838, 1305 MHz, 53, 256.46 W, 98 %
2026/09/30 12:32:28.938, 1305 MHz, 53, 256.46 W, 98 %
2026/09/30 12:32:29.038, 1305 MHz, 53, 256.46 W, 98 %
2026/09/30 12:32:29.138, 1215 MHz, 47, 72.89 W, 21 %
2026/09/30 12:32:29.238, 1140 MHz, 52, 274.94 W, 21 %
2026/09/30 12:32:29.338, 1155 MHz, 53, 268.43 W, 79 %
2026/09/30 12:32:29.439, 1200 MHz, 53, 253.23 W, 79 %
2026/09/30 12:32:29.539, 1215 MHz, 53, 250.82 W, 98 %
2026/09/30 12:32:29.639, 1125 MHz, 53, 225.38 W, 98 %
2026/09/30 12:32:29.739, 1125 MHz, 53, 249.72 W, 98 %
2026/09/30 12:32:29.839, 1185 MHz, 52, 203.30 W, 98 %
2026/09/30 12:32:29.939, 1170 MHz, 53, 243.67 W, 77 %
2026/09/30 12:32:30.040, 1140 MHz, 54, 263.86 W, 77 %
2026/09/30 12:32:30.140, 1185 MHz, 53, 263.86 W, 77 %
2026/09/30 12:32:30.240, 1185 MHz, 53, 263.86 W, 77 %
2026/09/30 12:32:30.340, 1185 MHz, 53, 263.86 W, 77 %
2026/09/30 12:32:30.440, 1185 MHz, 51, 73.47 W, 90 %
2026/09/30 12:32:30.540, 1125 MHz, 53, 330.31 W, 90 %
2026/09/30 12:32:30.641, 1170 MHz, 53, 261.82 W, 11 %
2026/09/30 12:32:30.741, 1140 MHz, 53, 260.26 W, 11 %
2026/09/30 12:32:30.841, 1305 MHz, 54, 128.87 W, 98 %
2026/09/30 12:32:30.941, 1125 MHz, 53, 268.80 W, 98 %
2026/09/30 12:32:31.041, 1185 MHz, 54, 247.51 W, 81 %
2026/09/30 12:32:31.141, 1185 MHz, 54, 251.98 W, 81 %
2026/09/30 12:32:31.242, 1125 MHz, 54, 275.73 W, 98 %
2026/09/30 12:32:31.342, 1125 MHz, 54, 207.15 W, 98 %
2026/09/30 12:32:31.442, 1140 MHz, 53, 306.32 W, 97 %
2026/09/30 12:32:31.542, 1140 MHz, 53, 306.32 W, 97 %
2026/09/30 12:32:31.642, 1140 MHz, 53, 306.32 W, 97 %
2026/09/30 12:32:31.742, 1140 MHz, 47, 306.32 W, 97 %
2026/09/30 12:32:31.843, 1260 MHz, 52, 194.77 W, 97 %
2026/09/30 12:32:31.943, 1170 MHz, 52, 260.25 W, 97 %
2026/09/30 12:32:32.043, 1170 MHz, 52, 304.11 W, 49 %
2026/09/30 12:32:32.143, 1185 MHz, 53, 245.43 W, 49 %
2026/09/30 12:32:32.243, 1125 MHz, 53, 277.19 W, 80 %
2026/09/30 12:32:32.343, 1170 MHz, 54, 250.69 W, 80 %
2026/09/30 12:32:32.444, 1140 MHz, 54, 251.58 W, 98 %
2026/09/30 12:32:32.544, 1185 MHz, 54, 220.38 W, 98 %
2026/09/30 12:32:32.644, 1170 MHz, 55, 251.11 W, 97 %
2026/09/30 12:32:32.744, 1140 MHz, 55, 261.92 W, 97 %
2026/09/30 12:32:32.844, 1140 MHz, 55, 261.92 W, 97 %
2026/09/30 12:32:32.944, 1140 MHz, 55, 261.92 W, 97 %
2026/09/30 12:32:33.044, 1410 MHz, 55, 261.92 W, 97 %
2026/09/30 12:32:33.145, 1125 MHz, 52, 76.91 W, 97 %
2026/09/30 12:32:33.245, 1140 MHz, 54, 353.19 W, 11 %
2026/09/30 12:32:33.345, 1155 MHz, 54, 274.78 W, 11 %
2026/09/30 12:32:33.445, 1170 MHz, 54, 250.53 W, 98 %
2026/09/30 12:32:33.545, 1170 MHz, 55, 228.91 W, 98 %
2026/09/30 12:32:33.645, 1140 MHz, 55, 251.32 W, 98 %
2026/09/30 12:32:33.746, 1185 MHz, 54, 261.23 W, 98 %
2026/09/30 12:32:33.846, 1185 MHz, 55, 225.21 W, 96 %
2026/09/30 12:32:33.946, 1155 MHz, 52, 253.06 W, 96 %
2026/09/30 12:32:34.046, 1110 MHz, 54, 73.46 W, 90 %
2026/09/30 12:32:34.146, 1110 MHz, 54, 205.96 W, 90 %
2026/09/30 12:32:34.246, 1110 MHz, 54, 205.96 W, 90 %
2026/09/30 12:32:34.347, 1110 MHz, 54, 205.96 W, 90 %
2026/09/30 12:32:34.447, 1395 MHz, 49, 205.96 W, 90 %
2026/09/30 12:32:34.547, 1125 MHz, 54, 76.42 W, 66 %
2026/09/30 12:32:34.647, 1185 MHz, 54, 257.75 W, 66 %
2026/09/30 12:32:34.747, 1185 MHz, 55, 252.67 W, 43 %
2026/09/30 12:32:34.848, 1125 MHz, 55, 256.93 W, 43 %
2026/09/30 12:32:34.948, 1275 MHz, 55, 153.94 W, 97 %
2026/09/30 12:32:35.048, 1170 MHz, 55, 265.43 W, 97 %
2026/09/30 12:32:35.148, 1155 MHz, 55, 254.12 W, 98 %
2026/09/30 12:32:35.248, 1140 MHz, 56, 253.82 W, 98 %
2026/09/30 12:32:35.348, 1170 MHz, 55, 247.87 W, 78 %
2026/09/30 12:32:35.449, 1200 MHz, 55, 247.87 W, 78 %
2026/09/30 12:32:35.549, 1200 MHz, 55, 247.87 W, 78 %
2026/09/30 12:32:35.649, 1200 MHz, 55, 247.87 W, 78 %
2026/09/30 12:32:35.749, 1200 MHz, 55, 247.87 W, 78 %
2026/09/30 12:32:35.849, 1140 MHz, 51, 74.28 W, 42 %
2026/09/30 12:32:35.949, 1140 MHz, 55, 333.10 W, 42 %
2026/09/30 12:32:36.049, 1140 MHz, 54, 253.14 W, 66 %
2026/09/30 12:32:36.150, 1185 MHz, 55, 308.27 W, 66 %
2026/09/30 12:32:36.250, 1185 MHz, 55, 205.27 W, 80 %
2026/09/30 12:32:36.350, 1140 MHz, 56, 250.82 W, 80 %
2026/09/30 12:32:36.450, 1125 MHz, 56, 255.40 W, 96 %
2026/09/30 12:32:36.550, 1140 MHz, 55, 252.45 W, 96 %
2026/09/30 12:32:36.651, 1170 MHz, 56, 259.00 W, 98 %
2026/09/30 12:32:36.751, 1170 MHz, 56, 254.98 W, 98 %
2026/09/30 12:32:36.851, 1170 MHz, 56, 254.81 W, 98 %
2026/09/30 12:32:36.951, 1170 MHz, 56, 254.81 W, 98 %
2026/09/30 12:32:37.051, 1170 MHz, 56, 254.81 W, 98 %
2026/09/30 12:32:37.151, 1410 MHz, 54, 77.59 W, 98 %
2026/09/30 12:32:37.252, 1170 MHz, 55, 335.12 W, 16 %
2026/09/30 12:32:37.352, 1185 MHz, 55, 249.64 W, 16 %
2026/09/30 12:32:37.452, 1125 MHz, 55, 263.66 W, 98 %
2026/09/30 12:32:37.552, 1155 MHz, 56, 254.78 W, 98 %
2026/09/30 12:32:37.652, 1140 MHz, 55, 252.46 W, 98 %
2026/09/30 12:32:37.752, 1170 MHz, 56, 252.38 W, 98 %
2026/09/30 12:32:37.853, 1200 MHz, 56, 250.12 W, 98 %
2026/09/30 12:32:37.953, 1140 MHz, 55, 256.65 W, 98 %
2026/09/30 12:32:38.053, 1155 MHz, 56, 70.16 W, 87 %
2026/09/30 12:32:38.153, 1110 MHz, 56, 251.48 W, 87 %
2026/09/30 12:32:38.253, 1110 MHz, 56, 251.48 W, 87 %
2026/09/30 12:32:38.353, 1110 MHz, 56, 251.48 W, 87 %
2026/09/30 12:32:38.454, 1110 MHz, 50, 251.48 W, 87 %
2026/09/30 12:32:38.554, 1200 MHz, 55, 74.57 W, 44 %
2026/09/30 12:32:38.654, 1155 MHz, 56, 251.39 W, 44 %
2026/09/30 12:32:38.754, 1125 MHz, 56, 268.64 W, 98 %
2026/09/30 12:32:38.854, 1185 MHz, 56, 196.02 W, 98 %
2026/09/30 12:32:38.954, 1185 MHz, 55, 250.91 W, 94 %
2026/09/30 12:32:39.055, 1290 MHz, 56, 97.30 W, 94 %
2026/09/30 12:32:39.155, 1125 MHz, 56, 257.04 W, 94 %
2026/09/30 12:32:39.255, 1170 MHz, 57, 224.59 W, 94 %
2026/09/30 12:32:39.355, 1170 MHz, 57, 253.05 W, 81 %
2026/09/30 12:32:39.455, 1140 MHz, 56, 255.58 W, 81 %
2026/09/30 12:32:39.555, 1140 MHz, 56, 255.58 W, 81 %
2026/09/30 12:32:39.656, 1140 MHz, 56, 255.58 W, 81 %
2026/09/30 12:32:39.756, 1140 MHz, 56, 255.58 W, 81 %
2026/09/30 12:32:39.856, 1410 MHz, 56, 150.09 W, 81 %
2026/09/30 12:32:39.956, 1110 MHz, 55, 258.59 W, 40 %
2026/09/30 12:32:40.056, 1305 MHz, 56, 188.26 W, 40 %
2026/09/30 12:32:40.156, 1155 MHz, 55, 188.26 W, 47 %
2026/09/30 12:32:40.257, 1185 MHz, 56, 242.71 W, 47 %
2026/09/30 12:32:40.357, 1140 MHz, 57, 262.22 W, 79 %
2026/09/30 12:32:40.457, 1185 MHz, 56, 228.31 W, 79 %
2026/09/30 12:32:40.557, 1170 MHz, 57, 258.11 W, 96 %
2026/09/30 12:32:40.657, 1125 MHz, 58, 313.83 W, 96 %
2026/09/30 12:32:40.757, 1155 MHz, 58, 252.72 W, 98 %
2026/09/30 12:32:40.858, 1125 MHz, 57, 238.00 W, 98 %
2026/09/30 12:32:40.958, 1125 MHz, 57, 238.00 W, 98 %
2026/09/30 12:32:41.058, 1125 MHz, 57, 238.00 W, 98 %
2026/09/30 12:32:41.158, 1125 MHz, 50, 238.00 W, 98 %
2026/09/30 12:32:41.258, 1410 MHz, 50, 76.71 W, 98 %
2026/09/30 12:32:41.358, 1140 MHz, 55, 337.02 W, 98 %
2026/09/30 12:32:41.459, 1200 MHz, 57, 230.99 W, 64 %
2026/09/30 12:32:41.559, 1185 MHz, 56, 241.14 W, 64 %
2026/09/30 12:32:41.659, 1125 MHz, 56, 192.73 W, 93 %
2026/09/30 12:32:41.759, 1125 MHz, 57, 256.16 W, 93 %
2026/09/30 12:32:41.859, 1140 MHz, 57, 251.39 W, 96 %
2026/09/30 12:32:41.959, 1185 MHz, 57, 252.07 W, 96 %
2026/09/30 12:32:42.060, 1170 MHz, 57, 249.45 W, 98 %
2026/09/30 12:32:42.160, 1290 MHz, 55, 93.90 W, 98 %
2026/09/30 12:32:42.260, 1290 MHz, 55, 93.90 W, 81 %
2026/09/30 12:32:42.360, 1290 MHz, 55, 93.90 W, 81 %
2026/09/30 12:32:42.460, 1290 MHz, 55, 93.90 W, 81 %
2026/09/30 12:32:42.560, 1215 MHz, 51, 93.90 W, 81 %
2026/09/30 12:32:42.661, 1125 MHz, 56, 73.37 W, 81 %
2026/09/30 12:32:42.761, 1140 MHz, 57, 287.92 W, 26 %
2026/09/30 12:32:42.861, 1140 MHz, 57, 227.04 W, 26 %
2026/09/30 12:32:42.961, 1170 MHz, 57, 253.25 W, 98 %
2026/09/30 12:32:43.061, 1140 MHz, 57, 242.80 W, 98 %
2026/09/30 12:32:43.162, 1155 MHz, 58, 248.67 W, 98 %
2026/09/30 12:32:43.262, 1110 MHz, 55, 253.33 W, 98 %
2026/09/30 12:32:43.362, 1185 MHz, 57, 167.88 W, 81 %
2026/09/30 12:32:43.462, 1125 MHz, 58, 248.65 W, 81 %
2026/09/30 12:32:43.563, 1170 MHz, 58, 268.43 W, 94 %
2026/09/30 12:32:43.663, 1170 MHz, 58, 268.43 W, 94 %
2026/09/30 12:32:43.763, 1170 MHz, 58, 268.43 W, 94 %
2026/09/30 12:32:43.863, 1170 MHz, 58, 268.43 W, 94 %
2026/09/30 12:32:43.963, 1170 MHz, 53, 76.92 W, 94 %
2026/09/30 12:32:44.064, 1125 MHz, 57, 77.68 W, 39 %
2026/09/30 12:32:44.164, 1170 MHz, 57, 265.23 W, 39 %
2026/09/30 12:32:44.264, 1185 MHz, 58, 260.08 W, 98 %
2026/09/30 12:32:44.364, 1335 MHz, 58, 255.40 W, 98 %
2026/09/30 12:32:44.464, 1125 MHz, 58, 329.02 W, 81 %
2026/09/30 12:32:44.564, 1185 MHz, 58, 252.37 W, 81 %
2026/09/30 12:32:44.665, 1170 MHz, 58, 254.91 W, 97 %
2026/09/30 12:32:44.765, 1125 MHz, 58, 222.22 W, 97 %
2026/09/30 12:32:44.865, 1185 MHz, 58, 244.47 W, 95 %
2026/09/30 12:32:44.965, 1170 MHz, 58, 253.07 W, 95 %
2026/09/30 12:32:45.065, 1170 MHz, 58, 253.07 W, 95 %
2026/09/30 12:32:45.165, 1170 MHz, 58, 253.07 W, 95 %
2026/09/30 12:32:45.265, 1170 MHz, 58, 253.07 W, 95 %
2026/09/30 12:32:45.366, 1410 MHz, 57, 77.28 W, 50 %
2026/09/30 12:32:45.466, 1170 MHz, 58, 336.40 W, 50 %
2026/09/30 12:32:45.566, 1140 MHz, 58, 259.37 W, 56 %
2026/09/30 12:32:45.666, 1140 MHz, 58, 255.86 W, 56 %
2026/09/30 12:32:45.766, 1185 MHz, 58, 244.59 W, 96 %
2026/09/30 12:32:45.867, 1200 MHz, 59, 256.08 W, 96 %
2026/09/30 12:32:45.967, 1125 MHz, 58, 282.05 W, 98 %
2026/09/30 12:32:46.067, 1140 MHz, 59, 253.34 W, 98 %
2026/09/30 12:32:46.167, 1140 MHz, 57, 250.33 W, 98 %
2026/09/30 12:32:46.267, 1140 MHz, 59, 118.65 W, 98 %
2026/09/30 12:32:46.367, 1125 MHz, 59, 253.92 W, 98 %
2026/09/30 12:32:46.467, 1125 MHz, 59, 253.92 W, 98 %
2026/09/30 12:32:46.568, 1125 MHz, 59, 253.92 W, 98 %
2026/09/30 12:32:46.668, 1125 MHz, 59, 253.92 W, 34 %
2026/09/30 12:32:46.768, 1230 MHz, 52, 320.26 W, 34 %
2026/09/30 12:32:46.868, 1230 MHz, 58, 320.26 W, 34 %
2026/09/30 12:32:46.968, 1320 MHz, 58, 283.06 W, 54 %
2026/09/30 12:32:47.069, 1125 MHz, 59, 334.81 W, 54 %
2026/09/30 12:32:47.169, 1185 MHz, 59, 257.42 W, 80 %
2026/09/30 12:32:47.269, 1170 MHz, 57, 255.10 W, 80 %
2026/09/30 12:32:47.369, 1200 MHz, 59, 101.47 W, 97 %
2026/09/30 12:32:47.469, 1170 MHz, 58, 254.89 W, 97 %
2026/09/30 12:32:47.569, 1125 MHz, 59, 244.96 W, 83 %
2026/09/30 12:32:47.670, 1080 MHz, 59, 249.71 W, 83 %
2026/09/30 12:32:47.770, 1140 MHz, 59, 248.77 W, 96 %
2026/09/30 12:32:47.870, 1140 MHz, 59, 248.77 W, 96 %
2026/09/30 12:32:47.970, 1140 MHz, 59, 248.77 W, 96 %
2026/09/30 12:32:48.070, 1140 MHz, 53, 248.77 W, 96 %
2026/09/30 12:32:48.170, 1170 MHz, 59, 355.67 W, 96 %
2026/09/30 12:32:48.271, 1170 MHz, 59, 246.71 W, 4 %
2026/09/30 12:32:48.371, 1140 MHz, 56, 263.76 W, 4 %
2026/09/30 12:32:48.471, 1110 MHz, 59, 77.89 W, 79 %
2026/09/30 12:32:48.571, 1125 MHz, 59, 253.84 W, 79 %
2026/09/30 12:32:48.671, 1140 MHz, 59, 262.50 W, 96 %
2026/09/30 12:32:48.771, 1185 MHz, 59, 250.51 W, 96 %
2026/09/30 12:32:48.872, 1170 MHz, 59, 251.69 W, 97 %
2026/09/30 12:32:48.972, 1125 MHz, 59, 250.54 W, 97 %
2026/09/30 12:32:49.072, 1185 MHz, 59, 227.24 W, 97 %
2026/09/30 12:32:49.172, 1185 MHz, 59, 227.24 W, 97 %
2026/09/30 12:32:49.272, 1185 MHz, 59, 227.24 W, 97 %
2026/09/30 12:32:49.373, 1185 MHz, 54, 227.24 W, 97 %
2026/09/30 12:32:49.473, 1380 MHz, 58, 79.56 W, 97 %
2026/09/30 12:32:49.573, 1125 MHz, 59, 278.72 W, 31 %
2026/09/30 12:32:49.673, 1170 MHz, 59, 223.60 W, 31 %
2026/09/30 12:32:49.773, 1170 MHz, 59, 250.43 W, 98 %
2026/09/30 12:32:49.874, 1125 MHz, 59, 258.31 W, 98 %
2026/09/30 12:32:49.974, 1185 MHz, 59, 217.51 W, 96 %
2026/09/30 12:32:50.074, 1170 MHz, 59, 257.43 W, 96 %
2026/09/30 12:32:50.174, 1125 MHz, 60, 291.43 W, 98 %
2026/09/30 12:32:50.274, 1110 MHz, 57, 248.46 W, 98 %
2026/09/30 12:32:50.374, 1380 MHz, 53, 63.54 W, 76 %
2026/09/30 12:32:50.475, 1410 MHz, 53, 63.54 W, 76 %
2026/09/30 12:32:50.575, 1410 MHz, 53, 63.54 W, 76 %
2026/09/30 12:32:50.675, 1410 MHz, 53, 63.54 W, 76 %
2026/09/30 12:32:50.775, 1410 MHz, 52, 80.04 W, 76 %
2026/09/30 12:32:50.875, 1410 MHz, 51, 70.03 W, 0 %
2026/09/30 12:32:50.975, 1410 MHz, 51, 70.31 W, 0 %
