"Kernel Name","void <unnamed>::adangel_sm80_integer_fixed_conversion<(adangel_sm80_experiment::GroupedSourceKind)2, (bool)1>(const unsigned char *, const unsigned char *, const float *, const unsigned char *, const unsigned char *, unsigned char *, float *, int, int, int)",
"Address","Source","Warp Stall Sampling (All Samples)","Warp Stall Sampling (Not-issued Samples)","# Samples","Instructions Executed","Thread Instructions Executed","Predicated-On Thread Instructions Executed","Avg. Threads Executed","Avg. Predicated-On Threads Executed","Address Space","Access Operation","Access Size","L1 Tag Requests Global","L1 Conflicts Shared N-Way","L2 Theoretical Sectors Global Excessive","L2 Theoretical Sectors Global","L2 Theoretical Sectors Global Ideal","L2 Explicit Evict Policies","L2 Explicit Hit Policy Evict First","L2 Explicit Hit Policy Evict Last","L2 Explicit Hit Policy Evict Normal","L2 Explicit Hit Policy Evict Normal Demote","L2 Explicit Miss Policy Evict First","L2 Explicit Miss Policy Evict Normal","stall_barrier","stall_branch_resolving","stall_dispatch","stall_drain","stall_imc","stall_lg","stall_long_sb","stall_math","stall_membar","stall_mio","stall_misc","stall_no_inst","stall_not_selected","stall_selected","stall_short_sb","stall_sleep","stall_tex","stall_wait","stall_barrier (Not Issued)","stall_branch_resolving (Not Issued)","stall_dispatch (Not Issued)","stall_drain (Not Issued)","stall_imc (Not Issued)","stall_lg (Not Issued)","stall_long_sb (Not Issued)","stall_math (Not Issued)","stall_membar (Not Issued)","stall_mio (Not Issued)","stall_misc (Not Issued)","stall_no_inst (Not Issued)","stall_not_selected (Not Issued)","stall_selected (Not Issued)","stall_short_sb (Not Issued)","stall_sleeping (Not Issued)","stall_tex (Not Issued)","stall_wait (Not Issued)"
"0x7b73ed320900","      IMAD.MOV.U32 R1, RZ, RZ, c[0x0][0x28]","50","36","50","262144","8388608","8388608","32","32","-","-","-","0","0","0","0","0","-","0","0","0","0","0","0","0","0","0","0","32","0","0","2","0","0","0","11","5","0","0","0","0","0","0","0","0","0","32","0","0","0","0","0","0","4","0","0","0","0","0","0"
"0x7b73ed320910","      S2R R7, SR_TID.X","9","1","9","262144","8388608","8388608","32","32","-","-","-","0","0","0","0","0","-","0","0","0","0","0","0","0","0","0","0","0","0","0","0","0","0","0","0","1","4","0","0","0","4","0","0","0","0","0","0","0","0","0","0","0","0","0","0","0","0","0","1"
"0x7b73ed320920","      S2R R3, SR_CTAID.X","13","0","13","262144","8388608","8388608","32","32","-","-","-","0","0","0","0","0","-","0","0","0","0","0","0","0","0","0","0","0","0","0","0","0","0","0","0","4","2","0","0","0","7","0","0","0","0","0","0","0","0","0","0","0","0","0","0","0","0","0","0"
"0x7b73ed320930","      SHF.R.S32.HI R0, RZ, 0x1f, R7","340","87","340","262144","8388608","8388608","32","32","-","-","-","0","0","0","0","0","-","0","0","0","0","0","0","0","0","4","0","0","0","0","156","0","0","0","0","135","3","42","0","0","0","0","0","1","0","0","0","0","76","0","0","0","0","0","0","10","0","0","0"
"0x7b73ed320940","      LEA.HI R0, R0, R7, RZ, 0x6","88","19","88","262144","8388608","8388608","32","32","-","-","-","0","0","0","0","0","-","0","0","0","0","0","0","0","0","4","0","0","0","0","28","0","0","0","0","48","4","0","0","0","4","0","0","0","0","0","0","0","19","0","0","0","0","0","0","0","0","0","0"
"0x7b73ed320950","      SHF.R.S32.HI R2, RZ, 0x6, R0","68","15","68","262144","8388608","8388608","32","32","-","-","-","0","0","0","0","0","-","0","0","0","0","0","0","0","0","0","0","0","0","0","26","0","0","0","0","33","2","0","0","0","7","0","0","0","0","0","0","0","14","0","0","0","0","0","0","0","0","0","1"
"0x7b73ed320960","      IMAD R2, R3, 0x4, R2","19","5","19","262144","8388608","8388608","32","32","-","-","-","0","0","0","0","0","-","0","0","0","0","0","0","0","0","0","0","0","0","0","0","0","0","0","0","0","3","0","0","0","16","0","0","0","0","0","0","0","0","0","0","0","0","0","0","0","0","0","5"
"0x7b73ed320970","      ISETP.GE.AND P0, PT, R2, c[0x0][0x198], PT","53","13","53","262144","8388608","8388608","32","32","-","-","-","0","0","0","0","0","-","0","0","0","0","0","0","0","0","1","0","0","0","0","16","0","0","0","0","19","4","0","0","0","13","0","0","0","0","0","0","0","8","0","0","0","0","0","0","0","0","0","5"
"0x7b73ed320980","@P0   EXIT","27","5","27","262144","8388608","0","32","0","-","-","-","0","0","0","0","0","-","0","0","0","0","0","0","0","0","0","0","0","0","0","0","0","0","0","0","2","2","0","0","0","23","0","0","0","0","0","0","0","0","0","0","0","0","0","0","0","0","0","5"
"0x7b73ed320990","      S2R R3, SR_CTAID.Y","21","4","21","262144","8388608","8388608","32","32","-","-","-","0","0","0","0","0","-","0","0","0","0","0","0","0","0","0","0","0","0","0","0","0","0","0","0","1","3","0","0","0","17","0","0","0","0","0","0","0","0","0","0","0","0","0","0","0","0","0","4"
"0x7b73ed3209a0","      LOP3.LUT R0, R0, 0xffffffc0, RZ, 0xc0, !PT","3","0","3","262144","8388608","8388608","32","32","-","-","-","0","0","0","0","0","-","0","0","0","0","0","0","0","0","0","0","0","0","0","0","0","0","0","0","0","3","0","0","0","0","0","0","0","0","0","0","0","0","0","0","0","0","0","0","0","0","0","0"
"0x7b73ed3209b0","      ULDC.64 UR4, c[0x0][0x118]","1","0","1","262144","8388608","8388608","32","32","-","-","-","0","0","0","0","0","-","0","0","0","0","0","0","0","0","0","0","0","0","0","0","0","0","0","0","0","1","0","0","0","0","0","0","0","0","0","0","0","0","0","0","0","0","0","0","0","0","0","0"
"0x7b73ed3209c0","      IMAD.IADD R0, R7, 0x1, -R0","8","0","8","262144","8388608","8388608","32","32","-","-","-","0","0","0","0","0","-","0","0","0","0","0","0","0","0","0","0","0","0","0","2","0","0","0","0","1","2","0","0","0","3","0","0","0","0","0","0","0","0","0","0","0","0","0","0","0","0","0","0"
"0x7b73ed3209d0","      SHF.R.S32.HI R13, RZ, 0x1f, R0","104","26","104","262144","8388608","8388608","32","32","-","-","-","0","0","0","0","0","-","0","0","0","0","0","0","0","0","2","0","0","0","0","41","0","0","0","0","47","1","0","0","0","13","0","0","0","0","0","0","0","24","0","0","0","0","0","0","0","0","0","2"
"0x7b73ed3209e0","      LEA.HI R6, R13, R0, RZ, 0x5","38","10","38","262144","8388608","8388608","32","32","-","-","-","0","0","0","0","0","-","0","0","0","0","0","0","0","0","0","0","0","0","0","13","0","0","0","0","17","3","0","0","0","5","0","0","0","0","0","0","0","8","0","0","0","0","0","0","0","0","0","2"
"0x7b73ed3209f0","      LEA.HI R8, R13, R0, RZ, 0x4","7","0","7","262144","8388608","8388608","32","32","-","-","-","0","0","0","0","0","-","0","0","0","0","0","0","0","0","0","0","0","0","0","0","0","0","0","0","0","2","0","0","0","5","0","0","0","0","0","0","0","0","0","0","0","0","0","0","0","0","0","0"
"0x7b73ed320a00","      SHF.R.S32.HI R7, RZ, 0x5, R6","7","1","7","262144","8388608","8388608","32","32","-","-","-","0","0","0","0","0","-","0","0","0","0","0","0","0","0","0","0","0","0","0","0","0","0","0","0","0","3","0","0","0","4","0","0","0","0","0","0","0","0","0","0","0","0","0","0","0","0","0","1"
"0x7b73ed320a10","      SHF.R.S32.HI R9, RZ, 0x4, R8","3","0","3","262144","8388608","8388608","32","32","-","-","-","0","0","0","0","0","-","0","0","0","0","0","0","0","0","0","0","0","0","0","0","0","0","0","0","0","2","0","0","0","1","0","0","0","0","0","0","0","0","0","0","0","0","0","0","0","0","0","0"
"0x7b73ed320a20","      IMAD R5, R2, c[0x0][0x19c], R3","1","0","1","262144","8388608","8388608","32","32","-","-","-","0","0","0","0","0","-","0","0","0","0","0","0","0","0","0","0","0","0","0","0","0","0","0","0","0","1","0","0","0","0","0","0","0","0","0","0","0","0","0","0","0","0","0","0","0","0","0","0"
"0x7b73ed320a30","      IMAD R5, R5, 0x40, R0","7","1","7","262144","8388608","8388608","32","32","-","-","-","0","0","0","0","0","-","0","0","0","0","0","0","0","0","0","0","0","0","0","0","0","0","0","0","2","2","0","0","0","3","0","0","0","0","0","0","0","0","0","0","0","0","0","0","0","0","0","1"
"0x7b73ed320a40","      SHF.R.S32.HI R4, RZ, 0x1f, R5","43","17","43","262144","8388608","8388608","32","32","-","-","-","0","0","0","0","0","-","0","0","0","0","0","0","0","0","0","0","0","0","0","19","0","0","0","0","14","1","0","0","0","9","0","0","0","0","0","0","0","13","0","0","0","0","0","0","0","0","0","4"
"0x7b73ed320a50","      IADD3 R10, P2, R5, c[0x0][0x160], RZ","5","1","5","262144","8388608","8388608","32","32","-","-","-","0","0","0","0","0","-","0","0","0","0","0","0","0","0","0","0","0","0","0","1","0","0","0","0","0","1","0","0","0","3","0","0","0","0","0","0","0","0","0","0","0","0","0","0","0","0","0","1"
"0x7b73ed320a60","      LEA.HI R4, R4, R5, RZ, 0x6","7","1","7","262144","8388608","8388608","32","32","-","-","-","0","0","0","0","0","-","0","0","0","0","0","0","0","0","0","0","0","0","0","1","0","0","0","0","1","2","0","0","0","3","0","0","0","0","0","0","0","0","0","0","0","0","0","0","0","0","0","1"
"0x7b73ed320a70","      LEA.HI.X.SX32 R11, R5, c[0x0][0x164], 0x1, P2","8","1","8","262144","8388608","8388608","32","32","-","-","-","0","0","0","0","0","-","0","0","0","0","0","0","0","0","0","0","0","0","0","0","0","0","0","0","0","4","0","0","0","4","0","0","0","0","0","0","0","0","0","0","0","0","0","0","0","0","0","1"
"0x7b73ed320a80","      SHF.R.S32.HI R4, RZ, 0x6, R4","0","0","0","262144","8388608","8388608","32","32","-","-","-","0","0","0","0","0","-","0","0","0","0","0","0","0","0","0","0","0","0","0","0","0","0","0","0","0","0","0","0","0","0","0","0","0","0","0","0","0","0","0","0","0","0","0","0","0","0","0","0"
"0x7b73ed320a90","      LDG.E.U8 R10, [R10.64]","4","1","4","262144","8388608","8388608","32","32","Global","Load","8","262144","0","0","262144","262144","","0","0","0","0","0","0","0","0","0","0","0","0","0","0","0","0","0","0","0","2","0","0","0","2","0","0","0","0","0","0","0","0","0","0","0","0","0","0","0","0","0","1"
"0x7b73ed320aa0","      IMAD R7, R4, 0x2, R7","3","0","3","262144","8388608","8388608","32","32","-","-","-","0","0","0","0","0","-","0","0","0","0","0","0","0","0","0","0","0","0","0","0","0","0","0","0","0","3","0","0","0","0","0","0","0","0","0","0","0","0","0","0","0","0","0","0","0","0","0","0"
"0x7b73ed320ab0","      IMAD R9, R4, 0x4, R9","4","0","4","262144","8388608","8388608","32","32","-","-","-","0","0","0","0","0","-","0","0","0","0","0","0","0","0","0","0","0","0","0","0","0","0","0","0","0","2","0","0","0","2","0","0","0","0","0","0","0","0","0","0","0","0","0","0","0","0","0","0"
"0x7b73ed320ac0","      IADD3 R6, P0, R7, c[0x0][0x178], RZ","55","18","55","262144","8388608","8388608","32","32","-","-","-","0","0","0","0","0","-","0","0","0","0","0","0","0","0","1","0","0","0","0","29","0","0","0","0","22","0","0","0","0","3","0","0","1","0","0","0","0","15","0","0","0","0","0","0","0","0","0","2"
"0x7b73ed320ad0","      IADD3 R8, P1, R9, c[0x0][0x180], RZ","10","1","10","262144","8388608","8388608","32","32","-","-","-","0","0","0","0","0","-","0","0","0","0","0","0","0","0","0","0","0","0","0","0","0","0","0","0","1","1","0","0","0","8","0","0","0","0","0","0","0","0","0","0","0","0","0","0","0","0","0","1"
"0x7b73ed320ae0","      LEA.HI.X.SX32 R7, R7, c[0x0][0x17c], 0x1, P0","4","2","4","262144","8388608","8388608","32","32","-","-","-","0","0","0","0","0","-","0","0","0","0","0","0","0","0","0","0","0","0","0","1","0","0","0","0","1","1","0","0","0","1","0","0","0","0","0","0","0","1","0","0","0","0","0","0","0","0","0","1"
"0x7b73ed320af0","      LEA.HI.X.SX32 R9, R9, c[0x0][0x184], 0x1, P1","17","4","17","262144","8388608","8388608","32","32","-","-","-","0","0","0","0","0","-","0","0","0","0","0","0","0","0","0","0","0","0","0","4","0","0","0","0","7","1","0","0","0","5","0","0","0","0","0","0","0","4","0","0","0","0","0","0","0","0","0","0"
"0x7b73ed320b00","      LDG.E.U8 R6, [R6.64]","10","2","10","262144","8388608","8388608","32","32","Global","Load","8","262144","0","0","262144","262144","","0","0","0","0","0","0","0","0","0","0","0","0","0","0","0","0","0","0","0","4","0","0","0","6","0","0","0","0","0","0","0","0","0","0","0","0","0","0","0","0","0","2"
"0x7b73ed320b10","      LDG.E.U8 R8, [R8.64]","11","4","11","262144","8388608","8388608","32","32","Global","Load","8","262144","0","0","262144","262144","","0","0","0","0","0","0","0","0","0","0","0","0","0","0","0","0","0","0","0","0","0","0","0","11","0","0","0","0","0","0","0","0","0","0","0","0","0","0","0","0","0","4"
"0x7b73ed320b20","      LEA.HI R13, R13, R0, RZ, 0x2","5","0","5","262144","8388608","8388608","32","32","-","-","-","0","0","0","0","0","-","0","0","0","0","0","0","0","0","0","0","0","0","0","0","0","0","0","0","0","5","0","0","0","0","0","0","0","0","0","0","0","0","0","0","0","0","0","0","0","0","0","0"
"0x7b73ed320b30","      LEA.HI R5, R0, R0, RZ, 0x1","12","2","12","262144","8388608","8388608","32","32","-","-","-","0","0","0","0","0","-","0","0","0","0","0","0","0","0","0","0","0","0","0","0","0","0","0","0","0","4","0","0","0","8","0","0","0","0","0","0","0","0","0","0","0","0","0","0","0","0","0","2"
"0x7b73ed320b40","      SHF.R.U32.HI R13, RZ, 0x2, R13","8","4","8","262144","8388608","8388608","32","32","-","-","-","0","0","0","0","0","-","0","0","0","0","0","0","0","0","0","0","0","0","0","0","0","0","0","0","0","3","0","0","0","5","0","0","0","0","0","0","0","0","0","0","0","0","0","0","0","0","0","4"
"0x7b73ed320b50","      SHF.R.U32.HI R5, RZ, 0x1, R5","5","2","5","262144","8388608","8388608","32","32","-","-","-","0","0","0","0","0","-","0","0","0","0","0","0","0","0","0","0","0","0","0","0","0","0","0","0","0","3","0","0","0","2","0","0","0","0","0","0","0","0","0","0","0","0","0","0","0","0","0","2"
"0x7b73ed320b60","      LOP3.LUT R13, R13, 0x7, RZ, 0xc0, !PT","58","16","58","262144","8388608","8388608","32","32","-","-","-","0","0","0","0","0","-","0","0","0","0","0","0","0","0","3","0","0","0","0","22","0","0","0","0","27","6","0","0","0","0","0","0","0","0","0","0","0","16","0","0","0","0","0","0","0","0","0","0"
"0x7b73ed320b70","      LOP3.LUT R5, R5, 0x7, RZ, 0xc0, !PT","5","1","5","262144","8388608","8388608","32","32","-","-","-","0","0","0","0","0","-","0","0","0","0","0","0","0","0","0","0","0","0","0","0","0","0","0","0","1","3","0","0","0","1","0","0","0","0","0","0","0","0","0","0","0","0","0","0","0","0","0","1"
"0x7b73ed320b80","      SHF.R.U32.HI R7, RZ, 0x4, R10","1477","479","1477","262144","8388608","8388608","32","32","-","-","-","0","0","0","0","0","-","0","0","0","0","0","0","0","0","0","0","0","0","1334","75","0","0","0","0","62","3","0","0","0","3","0","0","0","0","0","0","434","45","0","0","0","0","0","0","0","0","0","0"
"0x7b73ed320b90","      LOP3.LUT R7, R7, 0x7, RZ, 0xc0, !PT","28","10","28","262144","8388608","8388608","32","32","-","-","-","0","0","0","0","0","-","0","0","0","0","0","0","0","0","1","0","0","0","0","7","0","0","0","0","10","1","0","0","0","9","0","0","0","0","0","0","0","7","0","0","0","0","0","0","0","0","0","3"
"0x7b73ed320ba0","      SHF.R.U32.HI R13, RZ, R13, R6","66","28","66","262144","8388608","8388608","32","32","-","-","-","0","0","0","0","0","-","0","0","0","0","0","0","0","0","0","0","0","0","50","4","0","0","0","0","4","6","0","0","0","2","0","0","0","0","0","0","25","2","0","0","0","0","0","0","0","0","0","1"
"0x7b73ed320bb0","      SHF.R.U32.HI R5, RZ, R5, R8","27","11","27","262144","8388608","8388608","32","32","-","-","-","0","0","0","0","0","-","0","0","0","0","0","0","0","0","0","0","0","0","10","2","0","0","0","0","0","10","0","0","0","5","0","0","0","0","0","0","5","2","0","0","0","0","0","0","0","0","0","4"
"0x7b73ed320bc0","      LOP3.LUT R13, R13, 0x1, RZ, 0xc0, !PT","10","7","10","262144","8388608","8388608","32","32","-","-","-","0","0","0","0","0","-","0","0","0","0","0","0","0","0","0","0","0","0","0","1","0","0","0","0","1","2","0","0","0","6","0","0","0","0","0","0","0","1","0","0","0","0","0","0","0","0","0","6"
"0x7b73ed320bd0","      LOP3.LUT R6, R5, 0x1, RZ, 0xc0, !PT","8","1","8","262144","8388608","8388608","32","32","-","-","-","0","0","0","0","0","-","0","0","0","0","0","0","0","0","0","0","0","0","0","0","0","0","0","0","2","5","0","0","0","1","0","0","0","0","0","0","0","0","0","0","0","0","0","0","0","0","0","1"
"0x7b73ed320be0","      IMAD.IADD R6, R13, 0x1, R6","12","4","12","262144","8388608","8388608","32","32","-","-","-","0","0","0","0","0","-","0","0","0","0","0","0","0","0","0","0","0","0","0","0","0","0","0","0","1","5","0","0","0","6","0","0","0","0","0","0","0","0","0","0","0","0","0","0","0","0","0","4"
"0x7b73ed320bf0","      LOP3.LUT R5, R10, 0x7, RZ, 0xc0, !PT","3","0","3","262144","8388608","8388608","32","32","-","-","-","0","0","0","0","0","-","0","0","0","0","0","0","0","0","0","0","0","0","0","0","0","0","0","0","0","3","0","0","0","0","0","0","0","0","0","0","0","0","0","0","0","0","0","0","0","0","0","0"
"0x7b73ed320c00","      SHF.L.U32 R7, R7, R6, RZ","31","14","31","262144","8388608","8388608","32","32","-","-","-","0","0","0","0","0","-","0","0","0","0","0","0","0","0","0","0","0","0","0","11","0","0","0","0","8","3","0","0","0","9","0","0","0","0","0","0","0","8","0","0","0","0","0","0","0","0","0","6"
"0x7b73ed320c10","      SHF.L.U32 R6, R5, R6, RZ","7","1","7","262144","8388608","8388608","32","32","-","-","-","0","0","0","0","0","-","0","0","0","0","0","0","0","0","0","0","0","0","0","0","0","0","0","0","0","6","0","0","0","1","0","0","0","0","0","0","0","0","0","0","0","0","0","0","0","0","0","1"
"0x7b73ed320c20","      LOP3.LUT R9, R7, 0x7, RZ, 0xc0, !PT","17","5","17","262144","8388608","8388608","32","32","-","-","-","0","0","0","0","0","-","0","0","0","0","0","0","0","0","0","0","0","0","0","3","0","0","0","0","1","10","0","0","0","3","0","0","0","0","0","0","0","2","0","0","0","0","0","0","0","0","0","3"
"0x7b73ed320c30","      LOP3.LUT R5, R6, 0x7, RZ, 0xc0, !PT","9","3","9","262144","8388608","8388608","32","32","-","-","-","0","0","0","0","0","-","0","0","0","0","0","0","0","0","0","0","0","0","0","1","0","0","0","0","0","5","0","0","0","3","0","0","0","0","0","0","0","0","0","0","0","0","0","0","0","0","0","3"
"0x7b73ed320c40","      LOP3.LUT R8, R7, 0x3, RZ, 0xc0, !PT","7","4","7","262144","8388608","8388608","32","32","-","-","-","0","0","0","0","0","-","0","0","0","0","0","0","0","0","0","0","0","0","0","0","0","0","0","0","0","2","0","0","0","5","0","0","0","0","0","0","0","0","0","0","0","0","0","0","0","0","0","4"
"0x7b73ed320c50","      ISETP.NE.AND P0, PT, R9, 0x6, PT","6","1","6","262144","8388608","8388608","32","32","-","-","-","0","0","0","0","0","-","0","0","0","0","0","0","0","0","0","0","0","0","0","0","0","0","0","0","0","5","0","0","0","1","0","0","0","0","0","0","0","0","0","0","0","0","0","0","0","0","0","1"
"0x7b73ed320c60","      ISETP.NE.AND P1, PT, R5, 0x6, PT","57","22","57","262144","8388608","8388608","32","32","-","-","-","0","0","0","0","0","-","0","0","0","0","0","0","0","0","0","0","0","0","0","29","0","0","0","0","24","3","0","0","0","1","0","0","0","0","0","0","0","22","0","0","0","0","0","0","0","0","0","0"
"0x7b73ed320c70","      LOP3.LUT R5, R6, 0x3, RZ, 0xc0, !PT","6","1","6","262144","8388608","8388608","32","32","-","-","-","0","0","0","0","0","-","0","0","0","0","0","0","0","0","0","0","0","0","0","1","0","0","0","0","0","3","0","0","0","2","0","0","0","0","0","0","0","0","0","0","0","0","0","0","0","0","0","1"
"0x7b73ed320c80","      ISETP.EQ.OR P0, PT, R8, 0x3, !P0","13","0","13","262144","8388608","8388608","32","32","-","-","-","0","0","0","0","0","-","0","0","0","0","0","0","0","0","0","0","0","0","0","3","0","0","0","0","2","8","0","0","0","0","0","0","0","0","0","0","0","0","0","0","0","0","0","0","0","0","0","0"
"0x7b73ed320c90","      ISETP.EQ.OR P1, PT, R5, 0x3, !P1","8","2","8","262144","8388608","8388608","32","32","-","-","-","0","0","0","0","0","-","0","0","0","0","0","0","0","0","0","0","0","0","0","0","0","0","0","0","0","6","0","0","0","2","0","0","0","0","0","0","0","0","0","0","0","0","0","0","0","0","0","2"
"0x7b73ed320ca0","      LOP3.LUT P3, RZ, R10, 0x80, RZ, 0xc0, !PT","7","2","7","262144","8388608","8388608","32","32","-","-","-","0","0","0","0","0","-","0","0","0","0","0","0","0","0","0","0","0","0","0","0","0","0","0","0","1","4","0","0","0","2","0","0","0","0","0","0","0","0","0","0","0","0","0","0","0","0","0","2"
"0x7b73ed320cb0","      LOP3.LUT P2, RZ, R10, 0x8, RZ, 0xc0, !PT","10","6","10","262144","8388608","8388608","32","32","-","-","-","0","0","0","0","0","-","0","0","0","0","0","0","0","0","0","0","0","0","0","0","0","0","0","0","1","3","0","0","0","6","0","0","0","0","0","0","0","0","0","0","0","0","0","0","0","0","0","6"
"0x7b73ed320cc0","      SHF.R.U32.HI R8, RZ, 0x2, R7","20","8","20","262144","8388608","8388608","32","32","-","-","-","0","0","0","0","0","-","0","0","0","0","0","0","0","0","1","0","0","0","0","9","0","0","0","0","5","3","0","0","0","2","0","0","0","0","0","0","0","6","0","0","0","0","0","0","0","0","0","2"
"0x7b73ed320cd0","      IMAD R5, R3, c[0x0][0x198], R2","2","0","2","262144","8388608","8388608","32","32","-","-","-","0","0","0","0","0","-","0","0","0","0","0","0","0","0","0","0","0","0","0","0","0","0","0","0","0","2","0","0","0","0","0","0","0","0","0","0","0","0","0","0","0","0","0","0","0","0","0","0"
"0x7b73ed320ce0","      LEA.HI R7, R7, 0x1, RZ, 0x1e","8","0","8","262144","8388608","8388608","32","32","-","-","-","0","0","0","0","0","-","0","0","0","0","0","0","0","0","0","0","0","0","0","0","0","0","0","0","0","8","0","0","0","0","0","0","0","0","0","0","0","0","0","0","0","0","0","0","0","0","0","0"
"0x7b73ed320cf0","      SHF.R.U32.HI R2, RZ, 0x2, R6","6","1","6","262144","8388608","8388608","32","32","-","-","-","0","0","0","0","0","-","0","0","0","0","0","0","0","0","0","0","0","0","0","1","0","0","0","0","0","3","0","0","0","2","0","0","0","0","0","0","0","0","0","0","0","0","0","0","0","0","0","1"
"0x7b73ed320d00","@!P0  IMAD.MOV R7, RZ, RZ, R8","2","0","2","262144","8388608","7019399","32","26","-","-","-","0","0","0","0","0","-","0","0","0","0","0","0","0","0","0","0","0","0","0","0","0","0","0","0","0","2","0","0","0","0","0","0","0","0","0","0","0","0","0","0","0","0","0","0","0","0","0","0"
"0x7b73ed320d10","      LEA.HI R6, R6, 0x1, RZ, 0x1e","2","0","2","262144","8388608","8388608","32","32","-","-","-","0","0","0","0","0","-","0","0","0","0","0","0","0","0","0","0","0","0","0","0","0","0","0","0","0","2","0","0","0","0","0","0","0","0","0","0","0","0","0","0","0","0","0","0","0","0","0","0"
"0x7b73ed320d20","      IMAD R3, R5, 0x40, R0","3","0","3","262144","8388608","8388608","32","32","-","-","-","0","0","0","0","0","-","0","0","0","0","0","0","0","0","0","0","0","0","0","0","0","0","0","0","0","3","0","0","0","0","0","0","0","0","0","0","0","0","0","0","0","0","0","0","0","0","0","0"
"0x7b73ed320d30","@!P1  IMAD.MOV R6, RZ, RZ, R2","8","0","8","262144","8388608","7004109","32","26","-","-","-","0","0","0","0","0","-","0","0","0","0","0","0","0","0","0","0","0","0","0","2","0","0","0","0","3","2","0","0","0","1","0","0","0","0","0","0","0","0","0","0","0","0","0","0","0","0","0","0"
"0x7b73ed320d40","@P3   IMAD.MOV R7, RZ, RZ, -R7","7","0","7","262144","8388608","4194429","32","16","-","-","-","0","0","0","0","0","-","0","0","0","0","0","0","0","0","0","0","0","0","0","0","0","0","0","0","1","2","0","0","0","4","0","0","0","0","0","0","0","0","0","0","0","0","0","0","0","0","0","0"
"0x7b73ed320d50","      ISETP.NE.AND P0, PT, R0, RZ, PT","2","0","2","262144","8388608","8388608","32","32","-","-","-","0","0","0","0","0","-","0","0","0","0","0","0","0","0","0","0","0","0","0","0","0","0","0","0","0","2","0","0","0","0","0","0","0","0","0","0","0","0","0","0","0","0","0","0","0","0","0","0"
"0x7b73ed320d60","@P2   IMAD.MOV R6, RZ, RZ, -R6","3","0","3","262144","8388608","4196186","32","16","-","-","-","0","0","0","0","0","-","0","0","0","0","0","0","0","0","0","0","0","0","0","0","0","0","0","0","0","3","0","0","0","0","0","0","0","0","0","0","0","0","0","0","0","0","0","0","0","0","0","0"
"0x7b73ed320d70","      IADD3 R2, P1, R3, c[0x0][0x188], RZ","2","0","2","262144","8388608","8388608","32","32","-","-","-","0","0","0","0","0","-","0","0","0","0","0","0","0","0","0","0","0","0","0","0","0","0","0","0","0","2","0","0","0","0","0","0","0","0","0","0","0","0","0","0","0","0","0","0","0","0","0","0"
"0x7b73ed320d80","      IMAD.SHL.U32 R7, R7, 0x10, RZ","1","0","1","262144","8388608","8388608","32","32","-","-","-","0","0","0","0","0","-","0","0","0","0","0","0","0","0","0","0","0","0","0","0","0","0","0","0","0","1","0","0","0","0","0","0","0","0","0","0","0","0","0","0","0","0","0","0","0","0","0","0"
"0x7b73ed320d90","      LEA.HI.X.SX32 R3, R3, c[0x0][0x18c], 0x1, P1","30","5","30","262144","8388608","8388608","32","32","-","-","-","0","0","0","0","0","-","0","0","0","0","0","0","0","0","0","0","0","0","0","11","0","0","0","0","10","0","0","0","0","9","0","0","0","0","0","0","0","4","0","0","0","0","0","0","0","0","0","1"
"0x7b73ed320da0","      LOP3.LUT R7, R7, 0xfffffff0, R6, 0xe2, !PT","11","3","11","262144","8388608","8388608","32","32","-","-","-","0","0","0","0","0","-","0","0","0","0","0","0","0","0","0","0","0","0","0","0","0","0","0","0","0","8","0","0","0","3","0","0","0","0","0","0","0","0","0","0","0","0","0","0","0","0","0","3"
"0x7b73ed320db0","      STG.E.U8 [R2.64], R7","15","2","15","262144","8388608","8388608","32","32","Global","Store","8","262144","0","0","262144","262144","","0","0","0","0","0","0","0","0","2","0","0","0","0","0","0","0","0","0","1","4","0","0","0","8","0","0","0","0","0","0","0","0","0","0","0","0","0","0","0","0","0","2"
"0x7b73ed320dc0","@P0   EXIT","6","0","6","262144","8388608","8257536","32","31","-","-","-","0","0","0","0","0","-","0","0","0","0","0","0","0","0","0","0","0","0","0","0","0","0","0","0","0","6","0","0","0","0","0","0","0","0","0","0","0","0","0","0","0","0","0","0","0","0","0","0"
"0x7b73ed320dd0","      IADD3 R6, P0, R4, c[0x0][0x168], RZ","76","18","76","131072","131072","131072","1","1","-","-","-","0","0","0","0","0","-","0","0","0","0","0","0","0","26","0","28","0","0","0","1","0","0","0","0","1","6","0","0","0","14","0","4","0","7","0","0","0","1","0","0","0","0","0","0","0","0","0","6"
"0x7b73ed320de0","      LEA.HI.X.SX32 R7, R4, c[0x0][0x16c], 0x1, P0","17","2","17","131072","131072","131072","1","1","-","-","-","0","0","0","0","0","-","0","0","0","0","0","0","0","0","0","0","0","0","1","2","0","0","0","0","6","3","0","0","0","5","0","0","0","0","0","0","1","1","0","0","0","0","0","0","0","0","0","0"
"0x7b73ed320df0","      LDG.E.U8 R6, [R6.64]","7","2","7","131072","131072","131072","1","1","Global","Load","8","131072","0","0","131072","131072","","0","0","0","0","0","0","0","0","0","0","0","0","0","0","0","0","0","0","0","1","0","0","0","6","0","0","0","0","0","0","0","0","0","0","0","0","0","0","0","0","0","2"
"0x7b73ed320e00","      IMAD.MOV.U32 R4, RZ, RZ, 0x4","2","0","2","131072","131072","131072","1","1","-","-","-","0","0","0","0","0","-","0","0","0","0","0","0","0","0","0","0","0","0","0","0","0","0","0","0","0","2","0","0","0","0","0","0","0","0","0","0","0","0","0","0","0","0","0","0","0","0","0","0"
"0x7b73ed320e10","      IMAD.SHL.U32 R2, R6, 0x200000, RZ","662","222","662","131072","131072","131072","1","1","-","-","-","0","0","0","0","0","-","0","0","0","0","0","0","0","0","0","0","0","0","656","1","0","0","0","0","1","3","0","0","0","1","0","0","0","0","0","0","222","0","0","0","0","0","0","0","0","0","0","0"
"0x7b73ed320e20","      LEA.HI R0, R6, 0x4f, RZ, 0x1e","2","0","2","131072","131072","131072","1","1","-","-","-","0","0","0","0","0","-","0","0","0","0","0","0","0","0","0","0","0","0","0","0","0","0","0","0","0","2","0","0","0","0","0","0","0","0","0","0","0","0","0","0","0","0","0","0","0","0","0","0"
"0x7b73ed320e30","      LOP3.LUT R0, R0, 0xffff, RZ, 0xc0, !PT","16","5","16","131072","131072","131072","1","1","-","-","-","0","0","0","0","0","-","0","0","0","0","0","0","0","0","0","0","0","0","0","7","0","0","0","0","3","1","0","0","0","5","0","0","0","0","0","0","0","3","0","0","0","0","0","0","0","0","0","2"
"0x7b73ed320e40","      LOP3.LUT R9, R2, 0x600000, RZ, 0xc0, !PT","4","2","4","131072","131072","131072","1","1","-","-","-","0","0","0","0","0","-","0","0","0","0","0","0","0","0","0","0","0","0","0","0","0","0","0","0","0","1","0","0","0","3","0","0","0","0","0","0","0","0","0","0","0","0","0","0","0","0","0","2"
"0x7b73ed320e50","      IMAD.WIDE R2, R5, R4, c[0x0][0x190]","0","0","0","131072","131072","131072","1","1","-","-","-","0","0","0","0","0","-","0","0","0","0","0","0","0","0","0","0","0","0","0","0","0","0","0","0","0","0","0","0","0","0","0","0","0","0","0","0","0","0","0","0","0","0","0","0","0","0","0","0"
"0x7b73ed320e60","      IMAD R9, R0, 0x800000, R9","16","1","16","131072","131072","131072","1","1","-","-","-","0","0","0","0","0","-","0","0","0","0","0","0","0","0","2","0","0","0","0","3","0","0","0","0","1","0","0","0","0","10","0","0","0","0","0","0","0","0","0","0","0","0","0","0","0","0","0","1"
"0x7b73ed320e70","      STG.E [R2.64], R9","14","1","14","131072","131072","131072","1","1","Global","Store","32","131072","0","0","131072","131072","","0","0","0","0","0","0","0","0","0","0","0","0","0","0","0","0","0","0","4","1","0","0","0","9","0","0","0","0","0","0","0","0","0","0","0","0","0","0","0","0","0","1"
"0x7b73ed320e80","      EXIT","2","0","2","131072","131072","131072","1","1","-","-","-","0","0","0","0","0","-","0","0","0","0","0","0","0","0","0","0","0","0","0","0","0","0","0","0","0","2","0","0","0","0","0","0","0","0","0","0","0","0","0","0","0","0","0","0","0","0","0","0"
"0x7b73ed320e90","      BRA 0x7b73ed320e90","62","20","62","0","0","0","0","0","-","-","-","0","0","0","0","0","-","0","0","0","0","0","0","0","14","0","39","0","0","0","0","0","0","0","0","0","2","0","0","0","7","0","7","0","12","0","0","0","0","0","0","0","0","0","0","0","0","0","1"
"0x7b73ed320ea0","      NOP","0","0","0","0","0","0","0","0","-","-","-","0","0","0","0","0","-","0","0","0","0","0","0","0","0","0","0","0","0","0","0","0","0","0","0","0","0","0","0","0","0","0","0","0","0","0","0","0","0","0","0","0","0","0","0","0","0","0","0"
"0x7b73ed320eb0","      NOP","0","0","0","0","0","0","0","0","-","-","-","0","0","0","0","0","-","0","0","0","0","0","0","0","0","0","0","0","0","0","0","0","0","0","0","0","0","0","0","0","0","0","0","0","0","0","0","0","0","0","0","0","0","0","0","0","0","0","0"
"0x7b73ed320ec0","      NOP","0","0","0","0","0","0","0","0","-","-","-","0","0","0","0","0","-","0","0","0","0","0","0","0","0","0","0","0","0","0","0","0","0","0","0","0","0","0","0","0","0","0","0","0","0","0","0","0","0","0","0","0","0","0","0","0","0","0","0"
"0x7b73ed320ed0","      NOP","0","0","0","0","0","0","0","0","-","-","-","0","0","0","0","0","-","0","0","0","0","0","0","0","0","0","0","0","0","0","0","0","0","0","0","0","0","0","0","0","0","0","0","0","0","0","0","0","0","0","0","0","0","0","0","0","0","0","0"
"0x7b73ed320ee0","      NOP","0","0","0","0","0","0","0","0","-","-","-","0","0","0","0","0","-","0","0","0","0","0","0","0","0","0","0","0","0","0","0","0","0","0","0","0","0","0","0","0","0","0","0","0","0","0","0","0","0","0","0","0","0","0","0","0","0","0","0"
"0x7b73ed320ef0","      NOP","0","0","0","0","0","0","0","0","-","-","-","0","0","0","0","0","-","0","0","0","0","0","0","0","0","0","0","0","0","0","0","0","0","0","0","0","0","0","0","0","0","0","0","0","0","0","0","0","0","0","0","0","0","0","0","0","0","0","0"
"0x7b73ed320f00","      NOP","0","0","0","0","0","0","0","0","-","-","-","0","0","0","0","0","-","0","0","0","0","0","0","0","0","0","0","0","0","0","0","0","0","0","0","0","0","0","0","0","0","0","0","0","0","0","0","0","0","0","0","0","0","0","0","0","0","0","0"
"0x7b73ed320f10","      NOP","0","0","0","0","0","0","0","0","-","-","-","0","0","0","0","0","-","0","0","0","0","0","0","0","0","0","0","0","0","0","0","0","0","0","0","0","0","0","0","0","0","0","0","0","0","0","0","0","0","0","0","0","0","0","0","0","0","0","0"
"0x7b73ed320f20","      NOP","0","0","0","0","0","0","0","0","-","-","-","0","0","0","0","0","-","0","0","0","0","0","0","0","0","0","0","0","0","0","0","0","0","0","0","0","0","0","0","0","0","0","0","0","0","0","0","0","0","0","0","0","0","0","0","0","0","0","0"
"0x7b73ed320f30","      NOP","0","0","0","0","0","0","0","0","-","-","-","0","0","0","0","0","-","0","0","0","0","0","0","0","0","0","0","0","0","0","0","0","0","0","0","0","0","0","0","0","0","0","0","0","0","0","0","0","0","0","0","0","0","0","0","0","0","0","0"
"0x7b73ed320f40","      NOP","0","0","0","0","0","0","0","0","-","-","-","0","0","0","0","0","-","0","0","0","0","0","0","0","0","0","0","0","0","0","0","0","0","0","0","0","0","0","0","0","0","0","0","0","0","0","0","0","0","0","0","0","0","0","0","0","0","0","0"
"0x7b73ed320f50","      NOP","0","0","0","0","0","0","0","0","-","-","-","0","0","0","0","0","-","0","0","0","0","0","0","0","0","0","0","0","0","0","0","0","0","0","0","0","0","0","0","0","0","0","0","0","0","0","0","0","0","0","0","0","0","0","0","0","0","0","0"
"0x7b73ed320f60","      NOP","0","0","0","0","0","0","0","0","-","-","-","0","0","0","0","0","-","0","0","0","0","0","0","0","0","0","0","0","0","0","0","0","0","0","0","0","0","0","0","0","0","0","0","0","0","0","0","0","0","0","0","0","0","0","0","0","0","0","0"
"0x7b73ed320f70","      NOP","0","0","0","0","0","0","0","0","-","-","-","0","0","0","0","0","-","0","0","0","0","0","0","0","0","0","0","0","0","0","0","0","0","0","0","0","0","0","0","0","0","0","0","0","0","0","0","0","0","0","0","0","0","0","0","0","0","0","0"
