"Kernel Name","void <unnamed>::adangel_sm80_mixed_fused_g128_conversion<(adangel_sm80_experiment::GroupedSourceKind)1>(const unsigned char *, const unsigned char *, const float *, const unsigned char *, const unsigned char *, unsigned char *, float *, int, int, int)",
"Address","Source","Warp Stall Sampling (All Samples)","Warp Stall Sampling (Not-issued Samples)","# Samples","Instructions Executed","Thread Instructions Executed","Predicated-On Thread Instructions Executed","Avg. Threads Executed","Avg. Predicated-On Threads Executed","Address Space","Access Operation","Access Size","L1 Tag Requests Global","L1 Conflicts Shared N-Way","L2 Theoretical Sectors Global Excessive","L2 Theoretical Sectors Global","L2 Theoretical Sectors Global Ideal","L2 Explicit Evict Policies","L2 Explicit Hit Policy Evict First","L2 Explicit Hit Policy Evict Last","L2 Explicit Hit Policy Evict Normal","L2 Explicit Hit Policy Evict Normal Demote","L2 Explicit Miss Policy Evict First","L2 Explicit Miss Policy Evict Normal","stall_barrier","stall_branch_resolving","stall_dispatch","stall_drain","stall_imc","stall_lg","stall_long_sb","stall_math","stall_membar","stall_mio","stall_misc","stall_no_inst","stall_not_selected","stall_selected","stall_short_sb","stall_sleep","stall_tex","stall_wait","stall_barrier (Not Issued)","stall_branch_resolving (Not Issued)","stall_dispatch (Not Issued)","stall_drain (Not Issued)","stall_imc (Not Issued)","stall_lg (Not Issued)","stall_long_sb (Not Issued)","stall_math (Not Issued)","stall_membar (Not Issued)","stall_mio (Not Issued)","stall_misc (Not Issued)","stall_no_inst (Not Issued)","stall_not_selected (Not Issued)","stall_selected (Not Issued)","stall_short_sb (Not Issued)","stall_sleeping (Not Issued)","stall_tex (Not Issued)","stall_wait (Not Issued)"
"0x781c9532b500","      IMAD.MOV.U32 R1, RZ, RZ, c[0x0][0x28]","108","32","108","262144","8388608","8388608","32","32","-","-","-","0","0","0","0","0","-","0","0","0","0","0","0","0","0","6","0","32","0","0","33","0","0","0","8","29","0","0","0","0","0","0","0","0","0","31","0","0","0","0","0","0","1","0","0","0","0","0","0"
"0x781c9532b510","      S2R R2, SR_CTAID.X","5","0","5","262144","8388608","8388608","32","32","-","-","-","0","0","0","0","0","-","0","0","0","0","0","0","0","0","0","0","0","0","0","0","0","0","0","0","0","4","0","0","0","1","0","0","0","0","0","0","0","0","0","0","0","0","0","0","0","0","0","0"
"0x781c9532b520","      S2R R3, SR_TID.X","8","0","8","262144","8388608","8388608","32","32","-","-","-","0","0","0","0","0","-","0","0","0","0","0","0","0","0","0","0","0","0","0","0","0","0","0","0","0","1","0","0","0","7","0","0","0","0","0","0","0","0","0","0","0","0","0","0","0","0","0","0"
"0x781c9532b530","      IMAD R2, R2, c[0x0][0x0], R3","99","6","99","262144","8388608","8388608","32","32","-","-","-","0","0","0","0","0","-","0","0","0","0","0","0","0","0","5","0","0","0","0","19","0","0","0","0","29","4","41","0","0","1","0","0","0","0","0","0","0","0","0","0","0","0","0","0","6","0","0","0"
"0x781c9532b540","      ISETP.GE.AND P0, PT, R2, c[0x0][0x1a0], PT","822","101","822","262144","8388608","8388608","32","32","-","-","-","0","0","0","0","0","-","0","0","0","0","0","0","0","0","58","0","0","0","0","356","0","0","0","0","397","4","0","0","0","7","0","0","4","0","0","0","0","95","0","0","0","0","0","0","0","0","0","2"
"0x781c9532b550","@P0   EXIT","69","1","69","262144","8388608","0","32","0","-","-","-","0","0","0","0","0","-","0","0","0","0","0","0","0","0","6","0","0","0","0","0","0","0","0","0","23","3","0","0","0","37","0","0","0","0","0","0","0","0","0","0","0","0","0","0","0","0","0","1"
"0x781c9532b560","      IMAD.SHL.U32 R0, R2, 0x2, RZ","20","2","20","262144","8388608","8388608","32","32","-","-","-","0","0","0","0","0","-","0","0","0","0","0","0","0","0","0","0","0","0","0","1","0","0","0","0","1","5","0","0","0","13","0","0","0","0","0","0","0","1","0","0","0","0","0","0","0","0","0","1"
"0x781c9532b570","      ULDC.64 UR4, c[0x0][0x118]","2","0","2","262144","8388608","8388608","32","32","-","-","-","0","0","0","0","0","-","0","0","0","0","0","0","0","0","2","0","0","0","0","0","0","0","0","0","0","0","0","0","0","0","0","0","0","0","0","0","0","0","0","0","0","0","0","0","0","0","0","0"
"0x781c9532b580","      IADD3 R4, P0, R0, c[0x0][0x160], RZ","262","23","262","262144","8388608","8388608","32","32","-","-","-","0","0","0","0","0","-","0","0","0","0","0","0","0","0","10","0","0","0","0","107","0","0","0","0","134","2","0","0","0","9","0","0","2","0","0","0","0","21","0","0","0","0","0","0","0","0","0","0"
"0x781c9532b590","      LEA.HI.X.SX32 R5, R0, c[0x0][0x164], 0x1, P0","120","8","120","262144","8388608","8388608","32","32","-","-","-","0","0","0","0","0","-","0","0","0","0","0","0","0","0","14","0","0","0","0","56","0","0","0","0","42","1","0","0","0","7","0","0","0","0","0","0","0","7","0","0","0","0","0","0","0","0","0","1"
"0x781c9532b5a0","      LDG.E.U8 R10, [R4.64]","36","1","36","262144","8388608","8388608","32","32","Global","Load","8","262144","0","262144","524288","262144","","0","0","0","0","0","0","0","0","7","0","0","0","0","0","0","0","0","0","17","2","0","0","0","10","0","0","0","0","0","0","0","0","0","0","0","0","0","0","0","0","0","1"
"0x781c9532b5b0","      LDG.E.U8 R9, [R4.64+0x1]","11","1","11","262144","8388608","8388608","32","32","Global","Load","8","262144","0","262144","524288","262144","","0","0","0","0","0","0","0","0","2","0","0","0","0","0","0","0","0","0","1","1","0","0","0","7","0","0","0","0","0","0","0","0","0","0","0","0","0","0","0","0","0","1"
"0x781c9532b5c0","      IMAD.MOV.U32 R7, RZ, RZ, c[0x0][0x19c]","3","0","3","262144","8388608","8388608","32","32","-","-","-","0","0","0","0","0","-","0","0","0","0","0","0","0","0","1","0","0","0","0","0","0","0","0","0","0","2","0","0","0","0","0","0","0","0","0","0","0","0","0","0","0","0","0","0","0","0","0","0"
"0x781c9532b5d0","      IABS R0, c[0x0][0x19c]","3","0","3","262144","8388608","8388608","32","32","-","-","-","0","0","0","0","0","-","0","0","0","0","0","0","0","0","0","0","0","0","0","0","0","0","0","0","0","3","0","0","0","0","0","0","0","0","0","0","0","0","0","0","0","0","0","0","0","0","0","0"
"0x781c9532b5e0","      SHF.R.S32.HI R3, RZ, 0x1f, R2","16","1","16","262144","8388608","8388608","32","32","-","-","-","0","0","0","0","0","-","0","0","0","0","0","0","0","0","1","0","0","0","0","5","0","0","0","0","6","3","0","0","0","1","0","0","0","0","0","0","0","1","0","0","0","0","0","0","0","0","0","0"
"0x781c9532b5f0","      IMAD.SHL.U32 R7, R7, 0x40, RZ","1","0","1","262144","8388608","8388608","32","32","-","-","-","0","0","0","0","0","-","0","0","0","0","0","0","0","0","0","0","0","0","0","0","0","0","0","0","0","1","0","0","0","0","0","0","0","0","0","0","0","0","0","0","0","0","0","0","0","0","0","0"
"0x781c9532b600","      I2F.RP R14, R0","25","3","25","262144","8388608","8388608","32","32","-","-","-","0","0","0","0","0","-","0","0","0","0","0","0","0","0","1","0","0","0","0","0","0","13","0","1","7","3","0","0","0","0","0","0","0","0","0","0","0","0","0","2","0","1","0","0","0","0","0","0"
"0x781c9532b610","      IABS R11, R7","28","2","28","262144","8388608","8388608","32","32","-","-","-","0","0","0","0","0","-","0","0","0","0","0","0","0","0","3","0","0","0","0","6","0","0","0","0","8","1","0","0","0","10","0","0","1","0","0","0","0","1","0","0","0","0","0","0","0","0","0","0"
"0x781c9532b620","      I2F.RP R6, R11","72","5","72","262144","8388608","8388608","32","32","-","-","-","0","0","0","0","0","-","0","0","0","0","0","0","0","0","8","0","0","0","0","0","0","28","0","1","26","4","0","0","0","5","0","0","0","0","0","0","0","0","0","5","0","0","0","0","0","0","0","0"
"0x781c9532b630","      MUFU.RCP R14, R14","71","7","71","262144","8388608","8388608","32","32","-","-","-","0","0","0","0","0","-","0","0","0","0","0","0","0","0","8","0","0","0","0","0","0","12","0","0","21","0","0","0","0","30","0","0","0","0","0","0","0","0","0","3","0","0","0","0","0","0","0","4"
"0x781c9532b640","      MUFU.RCP R6, R6","49","2","49","262144","8388608","8388608","32","32","-","-","-","0","0","0","0","0","-","0","0","0","0","0","0","0","0","1","0","0","0","0","0","0","17","0","0","10","3","0","0","0","18","0","0","0","0","0","0","0","0","0","1","0","0","0","0","0","0","0","1"
"0x781c9532b650","      IADD3 R4, R14, 0xffffffe, RZ","145","18","145","262144","8388608","8388608","32","32","-","-","-","0","0","0","0","0","-","0","0","0","0","0","0","0","0","6","0","0","0","0","60","0","0","0","0","73","2","4","0","0","0","0","0","0","0","0","0","0","18","0","0","0","0","0","0","0","0","0","0"
"0x781c9532b660","      IABS R14, R7","158","14","158","262144","8388608","8388608","32","32","-","-","-","0","0","0","0","0","-","0","0","0","0","0","0","0","0","9","0","0","0","0","68","0","0","0","0","78","3","0","0","0","0","0","0","0","0","0","0","0","14","0","0","0","0","0","0","0","0","0","0"
"0x781c9532b670","      F2I.FTZ.U32.TRUNC.NTZ R5, R4","52","4","52","262144","8388608","8388608","32","32","-","-","-","0","0","0","0","0","-","0","0","0","0","0","0","0","0","1","0","0","0","0","0","0","9","0","0","15","8","0","0","0","19","0","0","0","0","0","0","0","0","0","1","0","0","0","0","0","0","0","3"
"0x781c9532b680","      IMAD.MOV R14, RZ, RZ, -R14","3","0","3","262144","8388608","8388608","32","32","-","-","-","0","0","0","0","0","-","0","0","0","0","0","0","0","0","1","0","0","0","0","0","0","0","0","0","0","2","0","0","0","0","0","0","0","0","0","0","0","0","0","0","0","0","0","0","0","0","0","0"
"0x781c9532b690","      IADD3 R12, R6, 0xffffffe, RZ","15","0","15","262144","8388608","8388608","32","32","-","-","-","0","0","0","0","0","-","0","0","0","0","0","0","0","0","0","0","0","0","0","5","0","0","0","0","8","1","1","0","0","0","0","0","0","0","0","0","0","0","0","0","0","0","0","0","0","0","0","0"
"0x781c9532b6a0","      LEA.HI R6, R3, R2, RZ, 0x6","14","2","14","262144","8388608","8388608","32","32","-","-","-","0","0","0","0","0","-","0","0","0","0","0","0","0","0","1","0","0","0","0","7","0","0","0","0","2","1","0","0","0","3","0","0","0","0","0","0","0","2","0","0","0","0","0","0","0","0","0","0"
"0x781c9532b6b0","      F2I.FTZ.U32.TRUNC.NTZ R13, R12","48","0","48","262144","8388608","8388608","32","32","-","-","-","0","0","0","0","0","-","0","0","0","0","0","0","0","0","3","0","0","0","0","0","0","14","0","0","12","5","0","0","0","14","0","0","0","0","0","0","0","0","0","0","0","0","0","0","0","0","0","0"
"0x781c9532b6c0","      IMAD.MOV.U32 R4, RZ, RZ, RZ","11","1","11","262144","8388608","8388608","32","32","-","-","-","0","0","0","0","0","-","0","0","0","0","0","0","0","0","0","0","0","0","0","1","0","0","0","0","2","6","2","0","0","0","0","0","0","0","0","0","0","0","0","0","0","0","0","0","1","0","0","0"
"0x781c9532b6d0","      SHF.R.S32.HI R3, RZ, 0x6, R6","2","0","2","262144","8388608","8388608","32","32","-","-","-","0","0","0","0","0","-","0","0","0","0","0","0","0","0","1","0","0","0","0","0","0","0","0","0","0","1","0","0","0","0","0","0","0","0","0","0","0","0","0","0","0","0","0","0","0","0","0","0"
"0x781c9532b6e0","      IMAD.MOV.U32 R12, RZ, RZ, RZ","38","5","38","262144","8388608","8388608","32","32","-","-","-","0","0","0","0","0","-","0","0","0","0","0","0","0","0","0","0","0","0","0","6","0","0","0","0","3","0","29","0","0","0","0","0","0","0","0","0","0","0","0","0","0","0","0","0","5","0","0","0"
"0x781c9532b6f0","      IMAD.MOV R8, RZ, RZ, -R13","8","1","8","262144","8388608","8388608","32","32","-","-","-","0","0","0","0","0","-","0","0","0","0","0","0","0","0","0","0","0","0","0","1","0","0","0","0","2","2","0","0","0","3","0","0","0","0","0","0","0","0","0","0","0","0","0","0","0","0","0","1"
"0x781c9532b700","      IMAD R15, R8, R11, RZ","16","1","16","262144","8388608","8388608","32","32","-","-","-","0","0","0","0","0","-","0","0","0","0","0","0","0","0","0","0","0","0","0","2","0","0","0","0","1","2","0","0","0","11","0","0","0","0","0","0","0","0","0","0","0","0","0","0","0","0","0","1"
"0x781c9532b710","      IMAD.HI.U32 R8, R13, R15, R12","15","0","15","262144","8388608","8388608","32","32","-","-","-","0","0","0","0","0","-","0","0","0","0","0","0","0","0","0","0","0","0","0","2","0","0","0","0","1","0","0","0","0","12","0","0","0","0","0","0","0","0","0","0","0","0","0","0","0","0","0","0"
"0x781c9532b720","      IABS R13, R2","2","0","2","262144","8388608","8388608","32","32","-","-","-","0","0","0","0","0","-","0","0","0","0","0","0","0","0","0","0","0","0","0","0","0","0","0","0","0","2","0","0","0","0","0","0","0","0","0","0","0","0","0","0","0","0","0","0","0","0","0","0"
"0x781c9532b730","      IABS R12, R3","17","2","17","262144","8388608","8388608","32","32","-","-","-","0","0","0","0","0","-","0","0","0","0","0","0","0","0","4","0","0","0","0","4","0","0","0","0","7","1","0","0","0","1","0","0","0","0","0","0","0","2","0","0","0","0","0","0","0","0","0","0"
"0x781c9532b740","      IMAD.MOV R15, RZ, RZ, -R5","2","0","2","262144","8388608","8388608","32","32","-","-","-","0","0","0","0","0","-","0","0","0","0","0","0","0","0","1","0","0","0","0","0","0","0","0","0","0","1","0","0","0","0","0","0","0","0","0","0","0","0","0","0","0","0","0","0","0","0","0","0"
"0x781c9532b750","      IMAD.HI.U32 R8, R8, R13, RZ","12","0","12","262144","8388608","8388608","32","32","-","-","-","0","0","0","0","0","-","0","0","0","0","0","0","0","0","0","0","0","0","0","1","0","0","0","0","2","3","0","0","0","6","0","0","0","0","0","0","0","0","0","0","0","0","0","0","0","0","0","0"
"0x781c9532b760","      IMAD R15, R15, R0, RZ","22","0","22","262144","8388608","8388608","32","32","-","-","-","0","0","0","0","0","-","0","0","0","0","0","0","0","0","3","0","0","0","0","5","0","0","0","0","8","1","0","0","0","5","0","0","0","0","0","0","0","0","0","0","0","0","0","0","0","0","0","0"
"0x781c9532b770","      IMAD R14, R8, R14, R13","10","0","10","262144","8388608","8388608","32","32","-","-","-","0","0","0","0","0","-","0","0","0","0","0","0","0","0","0","0","0","0","0","2","0","0","0","0","2","2","0","0","0","4","0","0","0","0","0","0","0","0","0","0","0","0","0","0","0","0","0","0"
"0x781c9532b780","      IMAD.HI.U32 R4, R5, R15, R4","8","0","8","262144","8388608","8388608","32","32","-","-","-","0","0","0","0","0","-","0","0","0","0","0","0","0","0","0","0","0","0","0","0","0","0","0","0","1","3","0","0","0","4","0","0","0","0","0","0","0","0","0","0","0","0","0","0","0","0","0","0"
"0x781c9532b790","      ISETP.GT.U32.AND P5, PT, R11, R14, PT","202","27","202","262144","8388608","8388608","32","32","-","-","-","0","0","0","0","0","-","0","0","0","0","0","0","0","0","11","0","0","0","0","84","0","0","0","0","101","2","0","0","0","4","0","0","2","0","0","0","0","25","0","0","0","0","0","0","0","0","0","0"
"0x781c9532b7a0","      IMAD.MOV.U32 R15, RZ, RZ, R12","0","0","0","262144","8388608","8388608","32","32","-","-","-","0","0","0","0","0","-","0","0","0","0","0","0","0","0","0","0","0","0","0","0","0","0","0","0","0","0","0","0","0","0","0","0","0","0","0","0","0","0","0","0","0","0","0","0","0","0","0","0"
"0x781c9532b7b0","      IMAD.HI.U32 R4, R4, R15, RZ","40","1","40","262144","8388608","8388608","32","32","-","-","-","0","0","0","0","0","-","0","0","0","0","0","0","0","0","0","0","0","0","0","17","0","0","0","0","12","3","0","0","0","8","0","0","0","0","0","0","0","0","0","0","0","0","0","0","0","0","0","1"
"0x781c9532b7c0","      IMAD.MOV R16, RZ, RZ, -R4","35","0","35","262144","8388608","8388608","32","32","-","-","-","0","0","0","0","0","-","0","0","0","0","0","0","0","0","5","0","0","0","0","8","0","0","0","0","5","7","0","0","0","10","0","0","0","0","0","0","0","0","0","0","0","0","0","0","0","0","0","0"
"0x781c9532b7d0","@!P5  IMAD.IADD R14, R14, 0x1, -R11","19","0","19","262144","8388608","10239","32","0","-","-","-","0","0","0","0","0","-","0","0","0","0","0","0","0","0","0","0","0","0","0","2","0","0","0","0","5","1","0","0","0","11","0","0","0","0","0","0","0","0","0","0","0","0","0","0","0","0","0","0"
"0x781c9532b7e0","@!P5  IADD3 R8, R8, 0x1, RZ","3","0","3","262144","8388608","10239","32","0","-","-","-","0","0","0","0","0","-","0","0","0","0","0","0","0","0","0","0","0","0","0","0","0","0","0","0","0","3","0","0","0","0","0","0","0","0","0","0","0","0","0","0","0","0","0","0","0","0","0","0"
"0x781c9532b7f0","      ISETP.GE.U32.AND P2, PT, R14, R11, PT","136","12","136","262144","8388608","8388608","32","32","-","-","-","0","0","0","0","0","-","0","0","0","0","0","0","0","0","5","0","0","0","0","57","0","0","0","0","61","6","0","0","0","7","0","0","0","0","0","0","0","11","0","0","0","0","0","0","0","0","0","1"
"0x781c9532b800","@P2   IADD3 R8, R8, 0x1, RZ","94","12","94","262144","8388608","0","32","0","-","-","-","0","0","0","0","0","-","0","0","0","0","0","0","0","0","1","0","0","0","0","28","0","0","0","0","25","0","0","0","0","40","0","0","0","0","0","0","0","8","0","0","0","0","0","0","0","0","0","4"
"0x781c9532b810","      ISETP.NE.AND P2, PT, RZ, c[0x0][0x19c], PT","9","0","9","262144","8388608","8388608","32","32","-","-","-","0","0","0","0","0","-","0","0","0","0","0","0","0","0","0","0","0","0","0","1","0","0","0","0","2","4","0","0","0","2","0","0","0","0","0","0","0","0","0","0","0","0","0","0","0","0","0","0"
"0x781c9532b820","      LOP3.LUT P3, RZ, R10, 0x78, RZ, 0xc0, !PT","749","89","749","262144","8388608","8388608","32","32","-","-","-","0","0","0","0","0","-","0","0","0","0","0","0","0","0","3","0","0","0","581","76","0","0","0","0","83","3","0","0","0","3","0","0","0","0","0","0","69","19","0","0","0","0","0","0","0","0","0","1"
"0x781c9532b830","      PRMT R5, R10, 0x8880, RZ","4","0","4","262144","8388608","8388608","32","32","-","-","-","0","0","0","0","0","-","0","0","0","0","0","0","0","0","1","0","0","0","0","1","0","0","0","0","0","2","0","0","0","0","0","0","0","0","0","0","0","0","0","0","0","0","0","0","0","0","0","0"
"0x781c9532b840","      LOP3.LUT R12, R10, 0x7, RZ, 0xc0, !PT","9","0","9","262144","8388608","8388608","32","32","-","-","-","0","0","0","0","0","-","0","0","0","0","0","0","0","0","0","0","0","0","0","0","0","0","0","0","3","3","0","0","0","3","0","0","0","0","0","0","0","0","0","0","0","0","0","0","0","0","0","0"
"0x781c9532b850","      PRMT R5, R5, 0x7710, RZ","8","1","8","262144","8388608","8388608","32","32","-","-","-","0","0","0","0","0","-","0","0","0","0","0","0","0","0","0","0","0","0","0","0","0","0","0","0","5","2","0","0","0","1","0","0","0","0","0","0","0","0","0","0","0","0","0","0","0","0","0","1"
"0x781c9532b860","      LOP3.LUT P4, RZ, R9, 0x78, RZ, 0xc0, !PT","52","10","52","262144","8388608","8388608","32","32","-","-","-","0","0","0","0","0","-","0","0","0","0","0","0","0","0","2","0","0","0","5","15","0","0","0","0","27","1","0","0","0","2","0","0","0","0","0","0","1","8","0","0","0","0","0","0","0","0","0","1"
"0x781c9532b870","      LOP3.LUT R14, R9, 0x7, RZ, 0xc0, !PT","8","1","8","262144","8388608","8388608","32","32","-","-","-","0","0","0","0","0","-","0","0","0","0","0","0","0","0","0","0","0","0","0","1","0","0","0","0","4","1","0","0","0","2","0","0","0","0","0","0","0","1","0","0","0","0","0","0","0","0","0","0"
"0x781c9532b880","      LOP3.LUT R11, R10, 0x78, RZ, 0xc0, !PT","8","4","8","262144","8388608","8388608","32","32","-","-","-","0","0","0","0","0","-","0","0","0","0","0","0","0","0","0","0","0","0","0","1","0","0","0","0","0","3","0","0","0","4","0","0","0","0","0","0","0","1","0","0","0","0","0","0","0","0","0","3"
"0x781c9532b890","@P3   IMAD.SHL.U32 R5, R5, 0x1000000, RZ","2","0","2","262144","8388608","8346557","32","31","-","-","-","0","0","0","0","0","-","0","0","0","0","0","0","0","0","1","0","0","0","0","0","0","0","0","0","0","1","0","0","0","0","0","0","0","0","0","0","0","0","0","0","0","0","0","0","0","0","0","0"
"0x781c9532b8a0","@!P3  PRMT R13, R10, 0x8880, RZ","4","0","4","262144","8388608","42051","32","0","-","-","-","0","0","0","0","0","-","0","0","0","0","0","0","0","0","0","0","0","0","0","0","0","0","0","0","0","4","0","0","0","0","0","0","0","0","0","0","0","0","0","0","0","0","0","0","0","0","0","0"
"0x781c9532b8b0","@!P3  I2F.U16 R17, R12","7","1","7","262144","8388608","42051","32","0","-","-","-","0","0","0","0","0","-","0","0","0","0","0","0","0","0","0","0","0","0","0","0","0","1","0","0","3","3","0","0","0","0","0","0","0","0","0","0","0","0","0","1","0","0","0","0","0","0","0","0"
"0x781c9532b8c0","@P3   LEA.HI R11, R11, 0x78, RZ, 0x1d","6","0","6","262144","8388608","8346557","32","31","-","-","-","0","0","0","0","0","-","0","0","0","0","0","0","0","0","1","0","0","0","0","0","0","0","0","0","0","5","0","0","0","0","0","0","0","0","0","0","0","0","0","0","0","0","0","0","0","0","0","0"
"0x781c9532b8d0","      ISETP.GE.OR P0, PT, R13, RZ, P3","13","2","13","262144","8388608","8388608","32","32","-","-","-","0","0","0","0","0","-","0","0","0","0","0","0","0","0","0","0","0","0","0","0","0","0","0","0","1","7","0","0","0","5","0","0","0","0","0","0","0","0","0","0","0","0","0","0","0","0","0","2"
"0x781c9532b8e0","@P3   LOP3.LUT R13, R5, 0x80000000, RZ, 0xc0, !PT","55","12","55","262144","8388608","8346557","32","31","-","-","-","0","0","0","0","0","-","0","0","0","0","0","0","0","0","2","0","0","0","0","27","0","0","0","0","22","2","0","0","0","2","0","0","0","0","0","0","0","10","0","0","0","0","0","0","0","0","0","2"
"0x781c9532b8f0","      IMAD R5, R0, R16, R15","2","0","2","262144","8388608","8388608","32","32","-","-","-","0","0","0","0","0","-","0","0","0","0","0","0","0","0","0","0","0","0","0","0","0","0","0","0","0","2","0","0","0","0","0","0","0","0","0","0","0","0","0","0","0","0","0","0","0","0","0","0"
"0x781c9532b900","@!P4  PRMT R15, R9, 0x8880, RZ","4","0","4","262144","8388608","44193","32","0","-","-","-","0","0","0","0","0","-","0","0","0","0","0","0","0","0","0","0","0","0","0","0","0","0","0","0","0","4","0","0","0","0","0","0","0","0","0","0","0","0","0","0","0","0","0","0","0","0","0","0"
"0x781c9532b910","@!P4  I2F.U16 R16, R14","6","0","6","262144","8388608","44193","32","0","-","-","-","0","0","0","0","0","-","0","0","0","0","0","0","0","0","1","0","0","0","0","0","0","1","0","0","1","3","0","0","0","0","0","0","0","0","0","0","0","0","0","0","0","0","0","0","0","0","0","0"
"0x781c9532b920","@P3   LOP3.LUT R11, R11, 0xffff, RZ, 0xc0, !PT","3","0","3","262144","8388608","8346557","32","31","-","-","-","0","0","0","0","0","-","0","0","0","0","0","0","0","0","0","0","0","0","0","0","0","0","0","0","0","3","0","0","0","0","0","0","0","0","0","0","0","0","0","0","0","0","0","0","0","0","0","0"
"0x781c9532b930","@P3   IMAD R12, R12, 0x100000, R13","1","0","1","262144","8388608","8346557","32","31","-","-","-","0","0","0","0","0","-","0","0","0","0","0","0","0","0","0","0","0","0","0","0","0","0","0","0","0","1","0","0","0","0","0","0","0","0","0","0","0","0","0","0","0","0","0","0","0","0","0","0"
"0x781c9532b940","      PRMT R13, R9, 0x8880, RZ","2","0","2","262144","8388608","8388608","32","32","-","-","-","0","0","0","0","0","-","0","0","0","0","0","0","0","0","0","0","0","0","0","0","0","0","0","0","0","2","0","0","0","0","0","0","0","0","0","0","0","0","0","0","0","0","0","0","0","0","0","0"
"0x781c9532b950","      LOP3.LUT R9, R9, 0x78, RZ, 0xc0, !PT","10","1","10","262144","8388608","8388608","32","32","-","-","-","0","0","0","0","0","-","0","0","0","0","0","0","0","0","0","0","0","0","0","1","0","0","0","0","6","2","0","0","0","1","0","0","0","0","0","0","0","1","0","0","0","0","0","0","0","0","0","0"
"0x781c9532b960","@P3   IMAD.SHL.U32 R11, R11, 0x800000, RZ","2","0","2","262144","8388608","8346557","32","31","-","-","-","0","0","0","0","0","-","0","0","0","0","0","0","0","0","0","0","0","0","0","0","0","0","0","0","0","2","0","0","0","0","0","0","0","0","0","0","0","0","0","0","0","0","0","0","0","0","0","0"
"0x781c9532b970","      PRMT R13, R13, 0x7710, RZ","3","0","3","262144","8388608","8388608","32","32","-","-","-","0","0","0","0","0","-","0","0","0","0","0","0","0","0","0","0","0","0","0","0","0","0","0","0","0","3","0","0","0","0","0","0","0","0","0","0","0","0","0","0","0","0","0","0","0","0","0","0"
"0x781c9532b980","@!P3  FMUL R10, R17, 0.001953125","3","0","3","262144","8388608","42051","32","0","-","-","-","0","0","0","0","0","-","0","0","0","0","0","0","0","0","0","0","0","0","0","0","0","0","0","0","0","3","0","0","0","0","0","0","0","0","0","0","0","0","0","0","0","0","0","0","0","0","0","0"
"0x781c9532b990","      ISETP.GE.OR P6, PT, R15, RZ, P4","3","0","3","262144","8388608","8388608","32","32","-","-","-","0","0","0","0","0","-","0","0","0","0","0","0","0","0","0","0","0","0","0","0","0","0","0","0","0","3","0","0","0","0","0","0","0","0","0","0","0","0","0","0","0","0","0","0","0","0","0","0"
"0x781c9532b9a0","@!P0  FMUL R10, R17, -0.001953125","4","0","4","262144","8388608","20559","32","0","-","-","-","0","0","0","0","0","-","0","0","0","0","0","0","0","0","0","0","0","0","0","0","0","0","0","0","0","4","0","0","0","0","0","0","0","0","0","0","0","0","0","0","0","0","0","0","0","0","0","0"
"0x781c9532b9b0","      ISETP.GT.U32.AND P0, PT, R0, R5, PT","1","0","1","262144","8388608","8388608","32","32","-","-","-","0","0","0","0","0","-","0","0","0","0","0","0","0","0","0","0","0","0","0","0","0","0","0","0","0","1","0","0","0","0","0","0","0","0","0","0","0","0","0","0","0","0","0","0","0","0","0","0"
"0x781c9532b9c0","@P4   IMAD.SHL.U32 R13, R13, 0x1000000, RZ","1","0","1","262144","8388608","8344415","32","31","-","-","-","0","0","0","0","0","-","0","0","0","0","0","0","0","0","0","0","0","0","0","0","0","0","0","0","0","1","0","0","0","0","0","0","0","0","0","0","0","0","0","0","0","0","0","0","0","0","0","0"
"0x781c9532b9d0","@P4   LEA.HI R9, R9, 0x78, RZ, 0x1d","3","0","3","262144","8388608","8344415","32","31","-","-","-","0","0","0","0","0","-","0","0","0","0","0","0","0","0","0","0","0","0","0","0","0","0","0","0","0","3","0","0","0","0","0","0","0","0","0","0","0","0","0","0","0","0","0","0","0","0","0","0"
"0x781c9532b9e0","@P3   LOP3.LUT R11, R12, R11, RZ, 0xfc, !PT","57","8","57","262144","8388608","8346557","32","31","-","-","-","0","0","0","0","0","-","0","0","0","0","0","0","0","0","4","0","0","0","0","19","0","0","0","0","27","2","0","0","0","5","0","0","0","0","0","0","0","5","0","0","0","0","0","0","0","0","0","3"
"0x781c9532b9f0","@!P4  FMUL R12, R16, 0.001953125","1","0","1","262144","8388608","44193","32","0","-","-","-","0","0","0","0","0","-","0","0","0","0","0","0","0","0","0","0","0","0","0","0","0","0","0","0","0","1","0","0","0","0","0","0","0","0","0","0","0","0","0","0","0","0","0","0","0","0","0","0"
"0x781c9532ba00","@P4   LOP3.LUT R13, R13, 0x80000000, RZ, 0xc0, !PT","5","0","5","262144","8388608","8344415","32","31","-","-","-","0","0","0","0","0","-","0","0","0","0","0","0","0","0","0","0","0","0","0","0","0","0","0","0","0","5","0","0","0","0","0","0","0","0","0","0","0","0","0","0","0","0","0","0","0","0","0","0"
"0x781c9532ba10","@!P3  IMAD.MOV.U32 R11, RZ, RZ, R10","2","0","2","262144","8388608","42051","32","0","-","-","-","0","0","0","0","0","-","0","0","0","0","0","0","0","0","0","0","0","0","0","0","0","0","0","0","0","2","0","0","0","0","0","0","0","0","0","0","0","0","0","0","0","0","0","0","0","0","0","0"
"0x781c9532ba20","@P4   LOP3.LUT R9, R9, 0xffff, RZ, 0xc0, !PT","1","0","1","262144","8388608","8344415","32","31","-","-","-","0","0","0","0","0","-","0","0","0","0","0","0","0","0","0","0","0","0","0","0","0","0","0","0","0","1","0","0","0","0","0","0","0","0","0","0","0","0","0","0","0","0","0","0","0","0","0","0"
"0x781c9532ba30","      LOP3.LUT R15, R2, R7, RZ, 0x3c, !PT","14","1","14","262144","8388608","8388608","32","32","-","-","-","0","0","0","0","0","-","0","0","0","0","0","0","0","0","0","0","0","0","0","5","0","0","0","0","2","2","0","0","0","5","0","0","0","0","0","0","0","1","0","0","0","0","0","0","0","0","0","0"
"0x781c9532ba40","@P4   IMAD R14, R14, 0x100000, R13","3","0","3","262144","8388608","8344415","32","31","-","-","-","0","0","0","0","0","-","0","0","0","0","0","0","0","0","0","0","0","0","0","0","0","0","0","0","0","3","0","0","0","0","0","0","0","0","0","0","0","0","0","0","0","0","0","0","0","0","0","0"
"0x781c9532ba50","      ISETP.GE.AND P3, PT, R3, RZ, PT","2","0","2","262144","8388608","8388608","32","32","-","-","-","0","0","0","0","0","-","0","0","0","0","0","0","0","0","0","0","0","0","0","0","0","0","0","0","0","2","0","0","0","0","0","0","0","0","0","0","0","0","0","0","0","0","0","0","0","0","0","0"
"0x781c9532ba60","@P4   IMAD.SHL.U32 R9, R9, 0x800000, RZ","5","0","5","262144","8388608","8344415","32","31","-","-","-","0","0","0","0","0","-","0","0","0","0","0","0","0","0","0","0","0","0","0","0","0","0","0","0","0","5","0","0","0","0","0","0","0","0","0","0","0","0","0","0","0","0","0","0","0","0","0","0"
"0x781c9532ba70","      ISETP.GE.AND P1, PT, R15, RZ, PT","8","0","8","262144","8388608","8388608","32","32","-","-","-","0","0","0","0","0","-","0","0","0","0","0","0","0","0","1","0","0","0","0","0","0","0","0","0","0","7","0","0","0","0","0","0","0","0","0","0","0","0","0","0","0","0","0","0","0","0","0","0"
"0x781c9532ba80","@!P6  FMUL R12, R16, -0.001953125","3","0","3","262144","8388608","21854","32","0","-","-","-","0","0","0","0","0","-","0","0","0","0","0","0","0","0","0","0","0","0","0","0","0","0","0","0","0","3","0","0","0","0","0","0","0","0","0","0","0","0","0","0","0","0","0","0","0","0","0","0"
"0x781c9532ba90","@!P0  IMAD.IADD R5, R5, 0x1, -R0","26","0","26","262144","8388608","262080","32","0","-","-","-","0","0","0","0","0","-","0","0","0","0","0","0","0","0","1","0","0","0","0","4","0","0","0","0","12","4","0","0","0","5","0","0","0","0","0","0","0","0","0","0","0","0","0","0","0","0","0","0"
"0x781c9532baa0","@P4   LOP3.LUT R9, R14, R9, RZ, 0xfc, !PT","1","0","1","262144","8388608","8344415","32","31","-","-","-","0","0","0","0","0","-","0","0","0","0","0","0","0","0","0","0","0","0","0","0","0","0","0","0","0","1","0","0","0","0","0","0","0","0","0","0","0","0","0","0","0","0","0","0","0","0","0","0"
"0x781c9532bab0","@!P4  IMAD.MOV.U32 R9, RZ, RZ, R12","2","0","2","262144","8388608","44193","32","0","-","-","-","0","0","0","0","0","-","0","0","0","0","0","0","0","0","0","0","0","0","0","0","0","0","0","0","0","2","0","0","0","0","0","0","0","0","0","0","0","0","0","0","0","0","0","0","0","0","0","0"
"0x781c9532bac0","      ISETP.NE.AND P4, PT, R7, RZ, PT","3","0","3","262144","8388608","8388608","32","32","-","-","-","0","0","0","0","0","-","0","0","0","0","0","0","0","0","0","0","0","0","0","0","0","0","0","0","0","3","0","0","0","0","0","0","0","0","0","0","0","0","0","0","0","0","0","0","0","0","0","0"
"0x781c9532bad0","      IMAD.IADD R10, R5, 0x1, -R0","2","0","2","262144","8388608","8388608","32","32","-","-","-","0","0","0","0","0","-","0","0","0","0","0","0","0","0","0","0","0","0","0","0","0","0","0","0","0","2","0","0","0","0","0","0","0","0","0","0","0","0","0","0","0","0","0","0","0","0","0","0"
"0x781c9532bae0","      ISETP.GT.U32.AND P5, PT, R0, R5, PT","5","0","5","262144","8388608","8388608","32","32","-","-","-","0","0","0","0","0","-","0","0","0","0","0","0","0","0","0","0","0","0","0","0","0","0","0","0","0","5","0","0","0","0","0","0","0","0","0","0","0","0","0","0","0","0","0","0","0","0","0","0"
"0x781c9532baf0","      IMAD.MOV.U32 R14, RZ, RZ, R8","4","0","4","262144","8388608","8388608","32","32","-","-","-","0","0","0","0","0","-","0","0","0","0","0","0","0","0","0","0","0","0","0","0","0","0","0","0","0","4","0","0","0","0","0","0","0","0","0","0","0","0","0","0","0","0","0","0","0","0","0","0"
"0x781c9532bb00","      LOP3.LUT R8, RZ, c[0x0][0x19c], RZ, 0x33, !PT","5","0","5","262144","8388608","8388608","32","32","-","-","-","0","0","0","0","0","-","0","0","0","0","0","0","0","0","0","0","0","0","0","0","0","0","0","0","0","5","0","0","0","0","0","0","0","0","0","0","0","0","0","0","0","0","0","0","0","0","0","0"
"0x781c9532bb10","      FMUL R12, R9, 0.25","2","0","2","262144","8388608","8388608","32","32","-","-","-","0","0","0","0","0","-","0","0","0","0","0","0","0","0","0","0","0","0","0","0","0","0","0","0","0","2","0","0","0","0","0","0","0","0","0","0","0","0","0","0","0","0","0","0","0","0","0","0"
"0x781c9532bb20","      SEL R13, R10, R5, !P5","4","0","4","262144","8388608","8388608","32","32","-","-","-","0","0","0","0","0","-","0","0","0","0","0","0","0","0","0","0","0","0","0","0","0","0","0","0","0","4","0","0","0","0","0","0","0","0","0","0","0","0","0","0","0","0","0","0","0","0","0","0"
"0x781c9532bb30","@!P1  IMAD.MOV R14, RZ, RZ, -R14","6","0","6","262144","8388608","0","32","0","-","-","-","0","0","0","0","0","-","0","0","0","0","0","0","0","0","0","0","0","0","0","0","0","0","0","0","0","6","0","0","0","0","0","0","0","0","0","0","0","0","0","0","0","0","0","0","0","0","0","0"
"0x781c9532bb40","      FMUL R11, R11, 0.25","27","0","27","262144","8388608","8388608","32","32","-","-","-","0","0","0","0","0","-","0","0","0","0","0","0","0","0","0","0","0","0","0","13","0","0","0","0","12","2","0","0","0","0","0","0","0","0","0","0","0","0","0","0","0","0","0","0","0","0","0","0"
"0x781c9532bb50","@!P3  IMAD.MOV R13, RZ, RZ, -R13","6","0","6","262144","8388608","0","32","0","-","-","-","0","0","0","0","0","-","0","0","0","0","0","0","0","0","0","0","0","0","0","0","0","0","0","0","1","3","0","0","0","2","0","0","0","0","0","0","0","0","0","0","0","0","0","0","0","0","0","0"
"0x781c9532bb60","      F2I.NTZ R12, R12","4","0","4","262144","8388608","8388608","32","32","-","-","-","0","0","0","0","0","-","0","0","0","0","0","0","0","0","0","0","0","0","0","0","0","1","0","0","0","3","0","0","0","0","0","0","0","0","0","0","0","0","0","0","0","0","0","0","0","0","0","0"
"0x781c9532bb70","@!P4  LOP3.LUT R14, RZ, R7, RZ, 0x33, !PT","6","0","6","262144","8388608","0","32","0","-","-","-","0","0","0","0","0","-","0","0","0","0","0","0","0","0","0","0","0","0","0","0","0","0","0","0","0","6","0","0","0","0","0","0","0","0","0","0","0","0","0","0","0","0","0","0","0","0","0","0"
"0x781c9532bb80","      LOP3.LUT R7, R6, 0xffffffc0, RZ, 0xc0, !PT","9","2","9","262144","8388608","8388608","32","32","-","-","-","0","0","0","0","0","-","0","0","0","0","0","0","0","0","0","0","0","0","0","3","0","0","0","0","2","1","0","0","0","3","0","0","0","0","0","0","0","0","0","0","0","0","0","0","0","0","0","2"
"0x781c9532bb90","      SEL R9, R8, R13, !P2","14","4","14","262144","8388608","8388608","32","32","-","-","-","0","0","0","0","0","-","0","0","0","0","0","0","0","0","1","0","0","0","0","4","0","0","0","0","4","2","0","0","0","3","0","0","0","0","0","0","0","3","0","0","0","0","0","0","0","0","0","1"
"0x781c9532bba0","      IMAD.IADD R7, R2, 0x1, -R7","13","1","13","262144","8388608","8388608","32","32","-","-","-","0","0","0","0","0","-","0","0","0","0","0","0","0","0","0","0","0","0","0","0","0","0","0","0","4","3","0","0","0","6","0","0","0","0","0","0","0","0","0","0","0","0","0","0","0","0","0","1"
"0x781c9532bbb0","      F2I.NTZ R16, R11","6","0","6","262144","8388608","8388608","32","32","-","-","-","0","0","0","0","0","-","0","0","0","0","0","0","0","0","1","0","0","0","0","0","0","1","0","0","0","4","0","0","0","0","0","0","0","0","0","0","0","0","0","0","0","0","0","0","0","0","0","0"
"0x781c9532bbc0","      IMAD R6, R9, c[0x0][0x198], R14","3","0","3","262144","8388608","8388608","32","32","-","-","-","0","0","0","0","0","-","0","0","0","0","0","0","0","0","1","0","0","0","0","0","0","0","0","0","0","2","0","0","0","0","0","0","0","0","0","0","0","0","0","0","0","0","0","0","0","0","0","0"
"0x781c9532bbd0","      IMAD R7, R6, 0x40, R7","17","0","17","262144","8388608","8388608","32","32","-","-","-","0","0","0","0","0","-","0","0","0","0","0","0","0","0","0","0","0","0","0","1","0","0","0","0","3","4","0","0","0","9","0","0","0","0","0","0","0","0","0","0","0","0","0","0","0","0","0","0"
"0x781c9532bbe0","      IMAD.SHL.U32 R13, R12, 0x10, RZ","13","0","13","262144","8388608","8388608","32","32","-","-","-","0","0","0","0","0","-","0","0","0","0","0","0","0","0","0","0","0","0","0","1","0","0","0","0","2","2","4","0","0","4","0","0","0","0","0","0","0","0","0","0","0","0","0","0","0","0","0","0"
"0x781c9532bbf0","      LOP3.LUT R15, R12, 0xf0, RZ, 0xc0, !PT","7","0","7","262144","8388608","8388608","32","32","-","-","-","0","0","0","0","0","-","0","0","0","0","0","0","0","0","0","0","0","0","0","0","0","0","0","0","0","7","0","0","0","0","0","0","0","0","0","0","0","0","0","0","0","0","0","0","0","0","0","0"
"0x781c9532bc00","      IMAD.MOV.U32 R11, RZ, RZ, c[0x0][0x1a0]","15","0","15","262144","8388608","8388608","32","32","-","-","-","0","0","0","0","0","-","0","0","0","0","0","0","0","0","0","0","0","0","0","0","0","0","0","0","1","2","12","0","0","0","0","0","0","0","0","0","0","0","0","0","0","0","0","0","0","0","0","0"
"0x781c9532bc10","      IADD3 R6, P1, R7, c[0x0][0x188], RZ","4","0","4","262144","8388608","8388608","32","32","-","-","-","0","0","0","0","0","-","0","0","0","0","0","0","0","0","0","0","0","0","0","0","0","0","0","0","0","4","0","0","0","0","0","0","0","0","0","0","0","0","0","0","0","0","0","0","0","0","0","0"
"0x781c9532bc20","      LEA.HI.X.SX32 R7, R7, c[0x0][0x18c], 0x1, P1","43","12","43","262144","8388608","8388608","32","32","-","-","-","0","0","0","0","0","-","0","0","0","0","0","0","0","0","1","0","0","0","0","21","0","0","0","0","13","2","0","0","0","6","0","0","0","0","0","0","0","11","0","0","0","0","0","0","0","0","0","1"
"0x781c9532bc30","      LOP3.LUT P1, RZ, R2, 0x3f, RZ, 0xc0, !PT","7","2","7","262144","8388608","8388608","32","32","-","-","-","0","0","0","0","0","-","0","0","0","0","0","0","0","0","1","0","0","0","0","0","0","0","0","0","1","1","0","0","0","4","0","0","0","0","0","0","0","0","0","0","0","0","0","0","0","0","0","2"
"0x781c9532bc40","      LOP3.LUT R14, R16, 0xf0, RZ, 0xc0, !PT","10","1","10","262144","8388608","8388608","32","32","-","-","-","0","0","0","0","0","-","0","0","0","0","0","0","0","0","1","0","0","0","0","0","0","0","0","0","2","6","0","0","0","1","0","0","0","0","0","0","0","0","0","0","0","0","0","0","0","0","0","1"
"0x781c9532bc50","      IADD3 R10, P3, R6, c[0x0][0x1a0], RZ","10","2","10","262144","8388608","8388608","32","32","-","-","-","0","0","0","0","0","-","0","0","0","0","0","0","0","0","1","0","0","0","0","0","0","0","0","0","1","5","0","0","0","3","0","0","0","0","0","0","0","0","0","0","0","0","0","0","0","0","0","2"
"0x781c9532bc60","      LOP3.LUT R13, R13, 0xfffffff0, R16, 0xe2, !PT","6","2","6","262144","8388608","8388608","32","32","-","-","-","0","0","0","0","0","-","0","0","0","0","0","0","0","0","0","0","0","0","0","0","0","0","0","0","0","3","0","0","0","3","0","0","0","0","0","0","0","0","0","0","0","0","0","0","0","0","0","2"
"0x781c9532bc70","      LEA.HI.X.SX32 R11, R11, R7, 0x1, P3","15","2","15","262144","8388608","8388608","32","32","-","-","-","0","0","0","0","0","-","0","0","0","0","0","0","0","0","0","0","0","0","0","1","0","0","0","0","1","11","0","0","0","2","0","0","0","0","0","0","0","0","0","0","0","0","0","0","0","0","0","2"
"0x781c9532bc80","      LEA.HI R15, R14, R15, RZ, 0x1c","30","9","30","262144","8388608","8388608","32","32","-","-","-","0","0","0","0","0","-","0","0","0","0","0","0","0","0","2","0","0","0","0","12","0","0","0","0","8","2","0","0","0","6","0","0","2","0","0","0","0","3","0","0","0","0","0","0","0","0","0","4"
"0x781c9532bc90","      STG.E.U8 [R6.64], R13","3","0","3","262144","8388608","8388608","32","32","Global","Store","8","262144","0","0","262144","262144","","0","0","0","0","0","0","0","0","0","0","0","0","0","0","0","0","0","0","0","3","0","0","0","0","0","0","0","0","0","0","0","0","0","0","0","0","0","0","0","0","0","0"
"0x781c9532bca0","      STG.E.U8 [R10.64], R15","17","0","17","262144","8388608","8388608","32","32","Global","Store","8","262144","0","0","262144","262144","","0","0","0","0","0","0","0","0","0","0","0","0","0","0","0","0","0","0","1","7","0","0","0","9","0","0","0","0","0","0","0","0","0","0","0","0","0","0","0","0","0","0"
"0x781c9532bcb0","@P1   EXIT","2","0","2","262144","8388608","8257536","32","31","-","-","-","0","0","0","0","0","-","0","0","0","0","0","0","0","0","0","0","0","0","0","0","0","0","0","0","0","2","0","0","0","0","0","0","0","0","0","0","0","0","0","0","0","0","0","0","0","0","0","0"
"0x781c9532bcc0","      IADD3 R6, P1, R3, c[0x0][0x168], RZ","115","22","115","131072","131072","131072","1","1","-","-","-","0","0","0","0","0","-","0","0","0","0","0","0","0","25","0","48","0","0","12","11","0","0","0","0","4","3","0","0","0","12","0","8","0","9","0","0","0","4","0","0","0","0","0","0","0","0","0","1"
"0x781c9532bcd0","      LEA.HI.X.SX32 R7, R3, c[0x0][0x16c], 0x1, P1","21","4","21","131072","131072","131072","1","1","-","-","-","0","0","0","0","0","-","0","0","0","0","0","0","0","0","1","0","0","0","0","4","0","0","0","0","9","1","0","0","0","6","0","0","0","0","0","0","0","2","0","0","0","0","0","0","0","0","0","2"
"0x781c9532bce0","      LDG.E.U8 R6, [R6.64]","12","2","12","131072","131072","131072","1","1","Global","Load","8","131072","0","0","131072","131072","","0","0","0","0","0","0","0","0","0","0","0","0","0","0","0","0","0","0","3","1","0","0","0","8","0","0","0","0","0","0","0","0","0","0","0","0","0","0","0","0","0","2"
"0x781c9532bcf0","      ISETP.GE.U32.AND P1, PT, R5, R0, PT","4","0","4","131072","131072","131072","1","1","-","-","-","0","0","0","0","0","-","0","0","0","0","0","0","0","0","0","0","0","0","0","0","0","0","0","0","0","4","0","0","0","0","0","0","0","0","0","0","0","0","0","0","0","0","0","0","0","0","0","0"
"0x781c9532bd00","      LOP3.LUT R3, R3, c[0x0][0x19c], RZ, 0x3c, !PT","9","2","9","131072","131072","131072","1","1","-","-","-","0","0","0","0","0","-","0","0","0","0","0","0","0","0","0","0","0","0","0","4","0","0","0","0","2","2","0","0","0","1","0","0","0","0","0","0","0","2","0","0","0","0","0","0","0","0","0","0"
"0x781c9532bd10","@!P0  IADD3 R4, R4, 0x1, RZ","1","0","1","131072","131072","4095","1","0","-","-","-","0","0","0","0","0","-","0","0","0","0","0","0","0","0","0","0","0","0","0","0","0","0","0","0","0","1","0","0","0","0","0","0","0","0","0","0","0","0","0","0","0","0","0","0","0","0","0","0"
"0x781c9532bd20","      ISETP.GE.AND P3, PT, R3, RZ, PT","2","1","2","131072","131072","131072","1","1","-","-","-","0","0","0","0","0","-","0","0","0","0","0","0","0","0","0","0","0","0","0","0","0","0","0","0","0","0","0","0","0","2","0","0","0","0","0","0","0","0","0","0","0","0","0","0","0","0","0","1"
"0x781c9532bd30","      IMAD.MOV.U32 R3, RZ, RZ, 0x4","1","0","1","131072","131072","131072","1","1","-","-","-","0","0","0","0","0","-","0","0","0","0","0","0","0","0","0","0","0","0","0","0","0","0","0","0","0","1","0","0","0","0","0","0","0","0","0","0","0","0","0","0","0","0","0","0","0","0","0","0"
"0x781c9532bd40","@P1   IADD3 R4, R4, 0x1, RZ","13","0","13","131072","131072","0","1","0","-","-","-","0","0","0","0","0","-","0","0","0","0","0","0","0","0","1","0","0","0","0","0","0","0","0","0","3","2","0","0","0","7","0","0","0","0","0","0","0","0","0","0","0","0","0","0","0","0","0","0"
"0x781c9532bd50","@!P3  IMAD.MOV R4, RZ, RZ, -R4","20","5","20","131072","131072","0","1","0","-","-","-","0","0","0","0","0","-","0","0","0","0","0","0","0","0","0","0","0","0","0","2","0","0","0","0","4","3","0","0","0","11","0","0","0","0","0","0","0","0","0","0","0","0","0","0","0","0","0","5"
"0x781c9532bd60","      SEL R4, R8, R4, !P2","15","0","15","131072","131072","131072","1","1","-","-","-","0","0","0","0","0","-","0","0","0","0","0","0","0","0","0","0","0","0","0","5","0","0","0","0","4","0","0","0","0","6","0","0","0","0","0","0","0","0","0","0","0","0","0","0","0","0","0","0"
"0x781c9532bd70","      IMAD R2, R9, c[0x0][0x198], R4","13","1","13","131072","131072","131072","1","1","-","-","-","0","0","0","0","0","-","0","0","0","0","0","0","0","0","0","0","0","0","0","1","0","0","0","0","2","0","0","0","0","10","0","0","0","0","0","0","0","0","0","0","0","0","0","0","0","0","0","1"
"0x781c9532bd80","      IMAD.WIDE R2, R2, R3, c[0x0][0x190]","8","0","8","131072","131072","131072","1","1","-","-","-","0","0","0","0","0","-","0","0","0","0","0","0","0","0","0","0","0","0","0","2","0","0","0","0","1","0","0","0","0","5","0","0","0","0","0","0","0","0","0","0","0","0","0","0","0","0","0","0"
"0x781c9532bd90","      IMAD.SHL.U32 R0, R6, 0x800000, RZ","621","60","621","131072","131072","131072","1","1","-","-","-","0","0","0","0","0","-","0","0","0","0","0","0","0","0","0","0","0","0","605","6","0","0","0","0","3","0","0","0","0","7","0","0","0","0","0","0","60","0","0","0","0","0","0","0","0","0","0","0"
"0x781c9532bda0","      ISETP.NE.AND P0, PT, R6, RZ, PT","2","0","2","131072","131072","131072","1","1","-","-","-","0","0","0","0","0","-","0","0","0","0","0","0","0","0","2","0","0","0","0","0","0","0","0","0","0","0","0","0","0","0","0","0","0","0","0","0","0","0","0","0","0","0","0","0","0","0","0","0"
"0x781c9532bdb0","      FSEL R0, R0, 5.8774717541114375398e-39, P0","8","1","8","131072","131072","131072","1","1","-","-","-","0","0","0","0","0","-","0","0","0","0","0","0","0","0","1","0","0","0","0","1","0","0","0","0","4","0","0","0","0","2","0","0","1","0","0","0","0","0","0","0","0","0","0","0","0","0","0","0"
"0x781c9532bdc0","      FMUL R5, R0, 4","12","0","12","131072","131072","131072","1","1","-","-","-","0","0","0","0","0","-","0","0","0","0","0","0","0","0","0","0","0","0","0","4","0","0","0","0","1","2","0","0","0","5","0","0","0","0","0","0","0","0","0","0","0","0","0","0","0","0","0","0"
"0x781c9532bdd0","      STG.E [R2.64], R5","12","0","12","131072","131072","131072","1","1","Global","Store","32","131072","0","0","131072","131072","","0","0","0","0","0","0","0","0","0","0","0","0","0","0","0","0","0","0","3","2","0","0","0","7","0","0","0","0","0","0","0","0","0","0","0","0","0","0","0","0","0","0"
"0x781c9532bde0","      EXIT","1","0","1","131072","131072","131072","1","1","-","-","-","0","0","0","0","0","-","0","0","0","0","0","0","0","0","0","0","0","0","0","0","0","0","0","0","0","1","0","0","0","0","0","0","0","0","0","0","0","0","0","0","0","0","0","0","0","0","0","0"
"0x781c9532bdf0","      BRA 0x781c9532bdf0","45","6","45","0","0","0","0","0","-","-","-","0","0","0","0","0","-","0","0","0","0","0","0","0","12","0","27","0","0","0","0","0","0","0","0","0","1","0","0","0","5","0","2","0","4","0","0","0","0","0","0","0","0","0","0","0","0","0","0"
"0x781c9532be00","      NOP","0","0","0","0","0","0","0","0","-","-","-","0","0","0","0","0","-","0","0","0","0","0","0","0","0","0","0","0","0","0","0","0","0","0","0","0","0","0","0","0","0","0","0","0","0","0","0","0","0","0","0","0","0","0","0","0","0","0","0"
"0x781c9532be10","      NOP","0","0","0","0","0","0","0","0","-","-","-","0","0","0","0","0","-","0","0","0","0","0","0","0","0","0","0","0","0","0","0","0","0","0","0","0","0","0","0","0","0","0","0","0","0","0","0","0","0","0","0","0","0","0","0","0","0","0","0"
"0x781c9532be20","      NOP","0","0","0","0","0","0","0","0","-","-","-","0","0","0","0","0","-","0","0","0","0","0","0","0","0","0","0","0","0","0","0","0","0","0","0","0","0","0","0","0","0","0","0","0","0","0","0","0","0","0","0","0","0","0","0","0","0","0","0"
"0x781c9532be30","      NOP","0","0","0","0","0","0","0","0","-","-","-","0","0","0","0","0","-","0","0","0","0","0","0","0","0","0","0","0","0","0","0","0","0","0","0","0","0","0","0","0","0","0","0","0","0","0","0","0","0","0","0","0","0","0","0","0","0","0","0"
"0x781c9532be40","      NOP","0","0","0","0","0","0","0","0","-","-","-","0","0","0","0","0","-","0","0","0","0","0","0","0","0","0","0","0","0","0","0","0","0","0","0","0","0","0","0","0","0","0","0","0","0","0","0","0","0","0","0","0","0","0","0","0","0","0","0"
"0x781c9532be50","      NOP","0","0","0","0","0","0","0","0","-","-","-","0","0","0","0","0","-","0","0","0","0","0","0","0","0","0","0","0","0","0","0","0","0","0","0","0","0","0","0","0","0","0","0","0","0","0","0","0","0","0","0","0","0","0","0","0","0","0","0"
"0x781c9532be60","      NOP","0","0","0","0","0","0","0","0","-","-","-","0","0","0","0","0","-","0","0","0","0","0","0","0","0","0","0","0","0","0","0","0","0","0","0","0","0","0","0","0","0","0","0","0","0","0","0","0","0","0","0","0","0","0","0","0","0","0","0"
"0x781c9532be70","      NOP","0","0","0","0","0","0","0","0","-","-","-","0","0","0","0","0","-","0","0","0","0","0","0","0","0","0","0","0","0","0","0","0","0","0","0","0","0","0","0","0","0","0","0","0","0","0","0","0","0","0","0","0","0","0","0","0","0","0","0"
