"Kernel Name","void vector_probe::adangel_sm80_vector_fixed_conversion<(adangel_sm80_experiment::GroupedSourceKind)0, (int)16>(const unsigned char *, const unsigned char *, const float *, const unsigned char *, const unsigned char *, unsigned char *, float *, unsigned int, unsigned int)",
"Address","Source","Warp Stall Sampling (All Samples)","Warp Stall Sampling (Not-issued Samples)","# Samples","Instructions Executed","Thread Instructions Executed","Predicated-On Thread Instructions Executed","Avg. Threads Executed","Avg. Predicated-On Threads Executed","Address Space","Access Operation","Access Size","L1 Tag Requests Global","L1 Conflicts Shared N-Way","L2 Theoretical Sectors Global Excessive","L2 Theoretical Sectors Global","L2 Theoretical Sectors Global Ideal","L2 Explicit Evict Policies","L2 Explicit Hit Policy Evict First","L2 Explicit Hit Policy Evict Last","L2 Explicit Hit Policy Evict Normal","L2 Explicit Hit Policy Evict Normal Demote","L2 Explicit Miss Policy Evict First","L2 Explicit Miss Policy Evict Normal","stall_barrier","stall_branch_resolving","stall_dispatch","stall_drain","stall_imc","stall_lg","stall_long_sb","stall_math","stall_membar","stall_mio","stall_misc","stall_no_inst","stall_not_selected","stall_selected","stall_short_sb","stall_sleep","stall_tex","stall_wait","stall_barrier (Not Issued)","stall_branch_resolving (Not Issued)","stall_dispatch (Not Issued)","stall_drain (Not Issued)","stall_imc (Not Issued)","stall_lg (Not Issued)","stall_long_sb (Not Issued)","stall_math (Not Issued)","stall_membar (Not Issued)","stall_mio (Not Issued)","stall_misc (Not Issued)","stall_no_inst (Not Issued)","stall_not_selected (Not Issued)","stall_selected (Not Issued)","stall_short_sb (Not Issued)","stall_sleeping (Not Issued)","stall_tex (Not Issued)","stall_wait (Not Issued)"
"0x733ee1312000","      IMAD.MOV.U32 R1, RZ, RZ, c[0x0][0x28]","7","4","7","32768","1048576","1048576","32","32","-","-","-","0","0","0","0","0","-","0","0","0","0","0","0","0","0","0","0","0","0","0","2","0","0","0","5","0","0","0","0","0","0","0","0","0","0","0","0","0","0","0","0","0","4","0","0","0","0","0","0"
"0x733ee1312010","      S2R R15, SR_TID.X","0","0","0","32768","1048576","1048576","32","32","-","-","-","0","0","0","0","0","-","0","0","0","0","0","0","0","0","0","0","0","0","0","0","0","0","0","0","0","0","0","0","0","0","0","0","0","0","0","0","0","0","0","0","0","0","0","0","0","0","0","0"
"0x733ee1312020","      S2R R3, SR_CTAID.X","2","1","2","32768","1048576","1048576","32","32","-","-","-","0","0","0","0","0","-","0","0","0","0","0","0","0","0","0","0","0","0","0","0","0","0","0","0","0","0","0","0","0","2","0","0","0","0","0","0","0","0","0","0","0","0","0","0","0","0","0","1"
"0x733ee1312030","      SHF.R.U32.HI R0, RZ, 0x3, R15","202","49","202","32768","1048576","1048576","32","32","-","-","-","0","0","0","0","0","-","0","0","0","0","0","0","0","0","2","0","0","0","0","100","0","0","0","0","93","0","7","0","0","0","0","0","0","0","0","0","0","47","0","0","0","0","0","0","2","0","0","0"
"0x733ee1312040","      IMAD R4, R3, 0x20, R0","5","2","5","32768","1048576","1048576","32","32","-","-","-","0","0","0","0","0","-","0","0","0","0","0","0","0","0","1","0","0","0","0","2","0","0","0","0","1","0","0","0","0","1","0","0","0","0","0","0","0","2","0","0","0","0","0","0","0","0","0","0"
"0x733ee1312050","      ISETP.GE.U32.AND P0, PT, R4, c[0x0][0x198], PT","3","0","3","32768","1048576","1048576","32","32","-","-","-","0","0","0","0","0","-","0","0","0","0","0","0","0","0","0","0","0","0","0","0","0","0","0","0","3","0","0","0","0","0","0","0","0","0","0","0","0","0","0","0","0","0","0","0","0","0","0","0"
"0x733ee1312060","@P0   EXIT","5","1","5","32768","1048576","0","32","0","-","-","-","0","0","0","0","0","-","0","0","0","0","0","0","0","0","0","0","0","0","0","0","0","0","0","0","0","0","0","0","0","5","0","0","0","0","0","0","0","0","0","0","0","0","0","0","0","0","0","1"
"0x733ee1312070","      S2R R7, SR_CTAID.Y","2","0","2","32768","1048576","1048576","32","32","-","-","-","0","0","0","0","0","-","0","0","0","0","0","0","0","0","0","0","0","0","0","0","0","0","0","0","1","0","0","0","0","1","0","0","0","0","0","0","0","0","0","0","0","0","0","0","0","0","0","0"
"0x733ee1312080","      LOP3.LUT R8, R15, 0x7, RZ, 0xc0, !PT","1","0","1","32768","1048576","1048576","32","32","-","-","-","0","0","0","0","0","-","0","0","0","0","0","0","0","0","0","0","0","0","0","0","0","0","0","0","0","1","0","0","0","0","0","0","0","0","0","0","0","0","0","0","0","0","0","0","0","0","0","0"
"0x733ee1312090","      IMAD.MOV.U32 R5, RZ, RZ, 0x8","0","0","0","32768","1048576","1048576","32","32","-","-","-","0","0","0","0","0","-","0","0","0","0","0","0","0","0","0","0","0","0","0","0","0","0","0","0","0","0","0","0","0","0","0","0","0","0","0","0","0","0","0","0","0","0","0","0","0","0","0","0"
"0x733ee13120a0","      ULDC.64 UR4, c[0x0][0x118]","20","5","20","32768","1048576","1048576","32","32","-","-","-","0","0","0","0","0","-","0","0","0","0","0","0","0","0","0","0","18","0","0","0","0","0","0","2","0","0","0","0","0","0","0","0","0","0","5","0","0","0","0","0","0","0","0","0","0","0","0","0"
"0x733ee13120b0","      IMAD R0, R4, c[0x0][0x19c], R7","7","3","7","32768","1048576","1048576","32","32","-","-","-","0","0","0","0","0","-","0","0","0","0","0","0","0","0","0","0","0","0","0","2","0","0","0","0","0","0","5","0","0","0","0","0","0","0","0","0","0","2","0","0","0","0","0","0","1","0","0","0"
"0x733ee13120c0","      IMAD.SHL.U32 R3, R0, 0x8, RZ","17","2","17","32768","1048576","1048576","32","32","-","-","-","0","0","0","0","0","-","0","0","0","0","0","0","0","0","0","0","0","0","0","11","0","0","0","0","5","0","0","0","0","1","0","0","0","0","0","0","0","2","0","0","0","0","0","0","0","0","0","0"
"0x733ee13120d0","      LOP3.LUT R2, R3, 0xfffffff8, R8, 0xe2, !PT","8","1","8","32768","1048576","1048576","32","32","-","-","-","0","0","0","0","0","-","0","0","0","0","0","0","0","0","0","0","0","0","0","1","0","0","0","0","3","0","0","0","0","4","0","0","0","0","0","0","0","0","0","0","0","0","0","0","0","0","0","1"
"0x733ee13120e0","      IMAD.WIDE.U32 R2, R2, R5, c[0x0][0x160]","13","3","13","32768","1048576","1048576","32","32","-","-","-","0","0","0","0","0","-","0","0","0","0","0","0","0","0","0","0","7","0","0","2","0","0","0","0","1","2","0","0","0","1","0","0","0","0","1","0","0","1","0","0","0","0","0","0","0","0","0","1"
"0x733ee13120f0","      LDG.E.64 R2, [R2.64]","6","1","6","32768","1048576","1048576","32","32","Global","Load","64","131072","0","0","262144","262144","","0","0","0","0","0","0","0","0","0","0","0","0","0","0","0","0","0","0","0","0","0","0","0","6","0","0","0","0","0","0","0","0","0","0","0","0","0","0","0","0","0","1"
"0x733ee1312100","      IMAD R4, R7, c[0x0][0x198], R4","1","0","1","32768","1048576","1048576","32","32","-","-","-","0","0","0","0","0","-","0","0","0","0","0","0","0","0","0","0","0","0","0","0","0","0","0","0","0","1","0","0","0","0","0","0","0","0","0","0","0","0","0","0","0","0","0","0","0","0","0","0"
"0x733ee1312110","      IMAD.MOV.U32 R6, RZ, RZ, 0x64322100","1","0","1","32768","1048576","1048576","32","32","-","-","-","0","0","0","0","0","-","0","0","0","0","0","0","0","0","0","0","0","0","0","0","0","0","0","0","0","0","0","0","0","1","0","0","0","0","0","0","0","0","0","0","0","0","0","0","0","0","0","0"
"0x733ee1312120","      IMAD.SHL.U32 R7, R4, 0x8, RZ","0","0","0","32768","1048576","1048576","32","32","-","-","-","0","0","0","0","0","-","0","0","0","0","0","0","0","0","0","0","0","0","0","0","0","0","0","0","0","0","0","0","0","0","0","0","0","0","0","0","0","0","0","0","0","0","0","0","0","0","0","0"
"0x733ee1312130","      LOP3.LUT R8, R7, 0xfffffff8, R8, 0xe2, !PT","2","1","2","32768","1048576","1048576","32","32","-","-","-","0","0","0","0","0","-","0","0","0","0","0","0","0","0","0","0","0","0","0","1","0","0","0","0","1","0","0","0","0","0","0","0","0","0","0","0","0","1","0","0","0","0","0","0","0","0","0","0"
"0x733ee1312140","      LOP3.LUT P1, RZ, R2, 0x80, RZ, 0xc0, !PT","353","207","353","32768","1048576","1048576","32","32","-","-","-","0","0","0","0","0","-","0","0","0","0","0","0","0","0","1","0","0","0","256","39","0","0","0","0","56","0","0","0","0","1","0","0","0","0","0","0","187","20","0","0","0","0","0","0","0","0","0","0"
"0x733ee1312150","      IMAD.SHL.U32 R7, R2, 0x4, RZ","2","0","2","32768","1048576","1048576","32","32","-","-","-","0","0","0","0","0","-","0","0","0","0","0","0","0","0","0","0","0","0","0","0","0","0","0","0","0","2","0","0","0","0","0","0","0","0","0","0","0","0","0","0","0","0","0","0","0","0","0","0"
"0x733ee1312160","      SHF.R.U32.HI R9, RZ, 0x2, R2","0","0","0","32768","1048576","1048576","32","32","-","-","-","0","0","0","0","0","-","0","0","0","0","0","0","0","0","0","0","0","0","0","0","0","0","0","0","0","0","0","0","0","0","0","0","0","0","0","0","0","0","0","0","0","0","0","0","0","0","0","0"
"0x733ee1312170","      IMAD.SHL.U32 R11, R3, 0x4, RZ","1","0","1","32768","1048576","1048576","32","32","-","-","-","0","0","0","0","0","-","0","0","0","0","0","0","0","0","0","0","0","0","0","0","0","0","0","0","0","1","0","0","0","0","0","0","0","0","0","0","0","0","0","0","0","0","0","0","0","0","0","0"
"0x733ee1312180","      LOP3.LUT P4, RZ, R3, 0x80, RZ, 0xc0, !PT","0","0","0","32768","1048576","1048576","32","32","-","-","-","0","0","0","0","0","-","0","0","0","0","0","0","0","0","0","0","0","0","0","0","0","0","0","0","0","0","0","0","0","0","0","0","0","0","0","0","0","0","0","0","0","0","0","0","0","0","0","0"
"0x733ee1312190","      SHF.R.U32.HI R12, RZ, 0x2, R3","1","1","1","32768","1048576","1048576","32","32","-","-","-","0","0","0","0","0","-","0","0","0","0","0","0","0","0","0","0","0","0","0","0","0","0","0","0","0","0","0","0","0","1","0","0","0","0","0","0","0","0","0","0","0","0","0","0","0","0","0","1"
"0x733ee13121a0","      LOP3.LUT R9, R9, 0x1c, RZ, 0xc0, !PT","0","0","0","32768","1048576","1048576","32","32","-","-","-","0","0","0","0","0","-","0","0","0","0","0","0","0","0","0","0","0","0","0","0","0","0","0","0","0","0","0","0","0","0","0","0","0","0","0","0","0","0","0","0","0","0","0","0","0","0","0","0"
"0x733ee13121b0","      LOP3.LUT R13, R12, 0x1c, RZ, 0xc0, !PT","3","0","3","32768","1048576","1048576","32","32","-","-","-","0","0","0","0","0","-","0","0","0","0","0","0","0","0","0","0","0","0","0","0","0","0","0","0","3","0","0","0","0","0","0","0","0","0","0","0","0","0","0","0","0","0","0","0","0","0","0","0"
"0x733ee13121c0","      SHF.R.U32.HI R9, RZ, R9, R6","0","0","0","32768","1048576","1048576","32","32","-","-","-","0","0","0","0","0","-","0","0","0","0","0","0","0","0","0","0","0","0","0","0","0","0","0","0","0","0","0","0","0","0","0","0","0","0","0","0","0","0","0","0","0","0","0","0","0","0","0","0"
"0x733ee13121d0","      LOP3.LUT P0, RZ, R2, 0x8, RZ, 0xc0, !PT","1","0","1","32768","1048576","1048576","32","32","-","-","-","0","0","0","0","0","-","0","0","0","0","0","0","0","0","0","0","0","0","0","0","0","0","0","0","0","0","0","0","0","1","0","0","0","0","0","0","0","0","0","0","0","0","0","0","0","0","0","0"
"0x733ee13121e0","      SHF.R.U32.HI R13, RZ, R13, R6","1","0","1","32768","1048576","1048576","32","32","-","-","-","0","0","0","0","0","-","0","0","0","0","0","0","0","0","0","0","0","0","0","0","0","0","0","0","0","1","0","0","0","0","0","0","0","0","0","0","0","0","0","0","0","0","0","0","0","0","0","0"
"0x733ee13121f0","@P1   IMAD.MOV R9, RZ, RZ, -R9","0","0","0","32768","1048576","525158","32","16","-","-","-","0","0","0","0","0","-","0","0","0","0","0","0","0","0","0","0","0","0","0","0","0","0","0","0","0","0","0","0","0","0","0","0","0","0","0","0","0","0","0","0","0","0","0","0","0","0","0","0"
"0x733ee1312200","      LOP3.LUT P3, RZ, R3, 0x8, RZ, 0xc0, !PT","0","0","0","32768","1048576","1048576","32","32","-","-","-","0","0","0","0","0","-","0","0","0","0","0","0","0","0","0","0","0","0","0","0","0","0","0","0","0","0","0","0","0","0","0","0","0","0","0","0","0","0","0","0","0","0","0","0","0","0","0","0"
"0x733ee1312210","      LOP3.LUT R7, R7, 0x1c, RZ, 0xc0, !PT","1","0","1","32768","1048576","1048576","32","32","-","-","-","0","0","0","0","0","-","0","0","0","0","0","0","0","0","0","0","0","0","0","0","0","0","0","0","1","0","0","0","0","0","0","0","0","0","0","0","0","0","0","0","0","0","0","0","0","0","0","0"
"0x733ee1312220","@P4   IMAD.MOV R13, RZ, RZ, -R13","1","0","1","32768","1048576","524616","32","16","-","-","-","0","0","0","0","0","-","0","0","0","0","0","0","0","0","0","0","0","0","0","0","0","0","0","0","0","1","0","0","0","0","0","0","0","0","0","0","0","0","0","0","0","0","0","0","0","0","0","0"
"0x733ee1312230","      LOP3.LUT P2, RZ, R2, 0x800, RZ, 0xc0, !PT","0","0","0","32768","1048576","1048576","32","32","-","-","-","0","0","0","0","0","-","0","0","0","0","0","0","0","0","0","0","0","0","0","0","0","0","0","0","0","0","0","0","0","0","0","0","0","0","0","0","0","0","0","0","0","0","0","0","0","0","0","0"
"0x733ee1312240","      IMAD.SHL.U32 R12, R9, 0x10, RZ","1","0","1","32768","1048576","1048576","32","32","-","-","-","0","0","0","0","0","-","0","0","0","0","0","0","0","0","0","0","0","0","0","0","0","0","0","0","0","1","0","0","0","0","0","0","0","0","0","0","0","0","0","0","0","0","0","0","0","0","0","0"
"0x733ee1312250","      SHF.R.U32.HI R10, RZ, 0x6, R2","0","0","0","32768","1048576","1048576","32","32","-","-","-","0","0","0","0","0","-","0","0","0","0","0","0","0","0","0","0","0","0","0","0","0","0","0","0","0","0","0","0","0","0","0","0","0","0","0","0","0","0","0","0","0","0","0","0","0","0","0","0"
"0x733ee1312260","      IMAD.SHL.U32 R16, R13, 0x10, RZ","0","0","0","32768","1048576","1048576","32","32","-","-","-","0","0","0","0","0","-","0","0","0","0","0","0","0","0","0","0","0","0","0","0","0","0","0","0","0","0","0","0","0","0","0","0","0","0","0","0","0","0","0","0","0","0","0","0","0","0","0","0"
"0x733ee1312270","      LOP3.LUT P5, RZ, R3, 0x800, RZ, 0xc0, !PT","0","0","0","32768","1048576","1048576","32","32","-","-","-","0","0","0","0","0","-","0","0","0","0","0","0","0","0","0","0","0","0","0","0","0","0","0","0","0","0","0","0","0","0","0","0","0","0","0","0","0","0","0","0","0","0","0","0","0","0","0","0"
"0x733ee1312280","      SHF.R.U32.HI R14, RZ, 0x6, R3","7","1","7","32768","1048576","1048576","32","32","-","-","-","0","0","0","0","0","-","0","0","0","0","0","0","0","0","0","0","0","0","0","1","0","0","0","0","6","0","0","0","0","0","0","0","0","0","0","0","0","1","0","0","0","0","0","0","0","0","0","0"
"0x733ee1312290","      LOP3.LUT R11, R11, 0x1c, RZ, 0xc0, !PT","2","1","2","32768","1048576","1048576","32","32","-","-","-","0","0","0","0","0","-","0","0","0","0","0","0","0","0","0","0","0","0","0","0","0","0","0","0","0","1","0","0","0","1","0","0","0","0","0","0","0","0","0","0","0","0","0","0","0","0","0","1"
"0x733ee13122a0","      SHF.R.U32.HI R7, RZ, R7, R6","0","0","0","32768","1048576","1048576","32","32","-","-","-","0","0","0","0","0","-","0","0","0","0","0","0","0","0","0","0","0","0","0","0","0","0","0","0","0","0","0","0","0","0","0","0","0","0","0","0","0","0","0","0","0","0","0","0","0","0","0","0"
"0x733ee13122b0","      LOP3.LUT R9, R10, 0x1c, RZ, 0xc0, !PT","0","0","0","32768","1048576","1048576","32","32","-","-","-","0","0","0","0","0","-","0","0","0","0","0","0","0","0","0","0","0","0","0","0","0","0","0","0","0","0","0","0","0","0","0","0","0","0","0","0","0","0","0","0","0","0","0","0","0","0","0","0"
"0x733ee13122c0","      SHF.R.U32.HI R11, RZ, R11, R6","0","0","0","32768","1048576","1048576","32","32","-","-","-","0","0","0","0","0","-","0","0","0","0","0","0","0","0","0","0","0","0","0","0","0","0","0","0","0","0","0","0","0","0","0","0","0","0","0","0","0","0","0","0","0","0","0","0","0","0","0","0"
"0x733ee13122d0","@P0   IMAD.MOV R7, RZ, RZ, -R7","0","0","0","32768","1048576","523913","32","15","-","-","-","0","0","0","0","0","-","0","0","0","0","0","0","0","0","0","0","0","0","0","0","0","0","0","0","0","0","0","0","0","0","0","0","0","0","0","0","0","0","0","0","0","0","0","0","0","0","0","0"
"0x733ee13122e0","      LOP3.LUT R13, R14, 0x1c, RZ, 0xc0, !PT","0","0","0","32768","1048576","1048576","32","32","-","-","-","0","0","0","0","0","-","0","0","0","0","0","0","0","0","0","0","0","0","0","0","0","0","0","0","0","0","0","0","0","0","0","0","0","0","0","0","0","0","0","0","0","0","0","0","0","0","0","0"
"0x733ee13122f0","      SHF.R.U32.HI R9, RZ, R9, R6","2","1","2","32768","1048576","1048576","32","32","-","-","-","0","0","0","0","0","-","0","0","0","0","0","0","0","0","0","0","0","0","0","1","0","0","0","0","0","1","0","0","0","0","0","0","0","0","0","0","0","1","0","0","0","0","0","0","0","0","0","0"
"0x733ee1312300","@P3   IMAD.MOV R11, RZ, RZ, -R11","0","0","0","32768","1048576","524477","32","16","-","-","-","0","0","0","0","0","-","0","0","0","0","0","0","0","0","0","0","0","0","0","0","0","0","0","0","0","0","0","0","0","0","0","0","0","0","0","0","0","0","0","0","0","0","0","0","0","0","0","0"
"0x733ee1312310","      SHF.R.U32.HI R13, RZ, R13, R6","0","0","0","32768","1048576","1048576","32","32","-","-","-","0","0","0","0","0","-","0","0","0","0","0","0","0","0","0","0","0","0","0","0","0","0","0","0","0","0","0","0","0","0","0","0","0","0","0","0","0","0","0","0","0","0","0","0","0","0","0","0"
"0x733ee1312320","      LOP3.LUT R7, R7, 0xf, RZ, 0xc0, !PT","0","0","0","32768","1048576","1048576","32","32","-","-","-","0","0","0","0","0","-","0","0","0","0","0","0","0","0","0","0","0","0","0","0","0","0","0","0","0","0","0","0","0","0","0","0","0","0","0","0","0","0","0","0","0","0","0","0","0","0","0","0"
"0x733ee1312330","@P2   IMAD.MOV R9, RZ, RZ, -R9","0","0","0","32768","1048576","524546","32","16","-","-","-","0","0","0","0","0","-","0","0","0","0","0","0","0","0","0","0","0","0","0","0","0","0","0","0","0","0","0","0","0","0","0","0","0","0","0","0","0","0","0","0","0","0","0","0","0","0","0","0"
"0x733ee1312340","      LOP3.LUT R11, R11, 0xf, RZ, 0xc0, !PT","0","0","0","32768","1048576","1048576","32","32","-","-","-","0","0","0","0","0","-","0","0","0","0","0","0","0","0","0","0","0","0","0","0","0","0","0","0","0","0","0","0","0","0","0","0","0","0","0","0","0","0","0","0","0","0","0","0","0","0","0","0"
"0x733ee1312350","@P5   IMAD.MOV R13, RZ, RZ, -R13","0","0","0","32768","1048576","524917","32","16","-","-","-","0","0","0","0","0","-","0","0","0","0","0","0","0","0","0","0","0","0","0","0","0","0","0","0","0","0","0","0","0","0","0","0","0","0","0","0","0","0","0","0","0","0","0","0","0","0","0","0"
"0x733ee1312360","      LOP3.LUT R7, R12, 0xf0, R7, 0xe2, !PT","1","0","1","32768","1048576","1048576","32","32","-","-","-","0","0","0","0","0","-","0","0","0","0","0","0","0","0","0","0","0","0","0","0","0","0","0","0","0","1","0","0","0","0","0","0","0","0","0","0","0","0","0","0","0","0","0","0","0","0","0","0"
"0x733ee1312370","      IMAD.SHL.U32 R10, R9, 0x100, RZ","0","0","0","32768","1048576","1048576","32","32","-","-","-","0","0","0","0","0","-","0","0","0","0","0","0","0","0","0","0","0","0","0","0","0","0","0","0","0","0","0","0","0","0","0","0","0","0","0","0","0","0","0","0","0","0","0","0","0","0","0","0"
"0x733ee1312380","      LOP3.LUT R11, R16, 0xf0, R11, 0xe2, !PT","0","0","0","32768","1048576","1048576","32","32","-","-","-","0","0","0","0","0","-","0","0","0","0","0","0","0","0","0","0","0","0","0","0","0","0","0","0","0","0","0","0","0","0","0","0","0","0","0","0","0","0","0","0","0","0","0","0","0","0","0","0"
"0x733ee1312390","      IMAD.SHL.U32 R12, R13, 0x100, RZ","0","0","0","32768","1048576","1048576","32","32","-","-","-","0","0","0","0","0","-","0","0","0","0","0","0","0","0","0","0","0","0","0","0","0","0","0","0","0","0","0","0","0","0","0","0","0","0","0","0","0","0","0","0","0","0","0","0","0","0","0","0"
"0x733ee13123a0","      PRMT R14, R2, 0x9910, RZ","0","0","0","32768","1048576","1048576","32","32","-","-","-","0","0","0","0","0","-","0","0","0","0","0","0","0","0","0","0","0","0","0","0","0","0","0","0","0","0","0","0","0","0","0","0","0","0","0","0","0","0","0","0","0","0","0","0","0","0","0","0"
"0x733ee13123b0","      LOP3.LUT R9, R7, 0xf00, R10, 0xf8, !PT","8","4","8","32768","1048576","1048576","32","32","-","-","-","0","0","0","0","0","-","0","0","0","0","0","0","0","0","0","0","0","0","0","5","0","0","0","0","3","0","0","0","0","0","0","0","0","0","0","0","0","4","0","0","0","0","0","0","0","0","0","0"
"0x733ee13123c0","      ISETP.GT.AND P3, PT, R14, -0x1, PT","0","0","0","32768","1048576","1048576","32","32","-","-","-","0","0","0","0","0","-","0","0","0","0","0","0","0","0","0","0","0","0","0","0","0","0","0","0","0","0","0","0","0","0","0","0","0","0","0","0","0","0","0","0","0","0","0","0","0","0","0","0"
"0x733ee13123d0","      LOP3.LUT R7, R11, 0xf00, R12, 0xf8, !PT","2","1","2","32768","1048576","1048576","32","32","-","-","-","0","0","0","0","0","-","0","0","0","0","0","0","0","0","0","0","0","0","0","0","0","0","0","0","1","0","0","0","0","1","0","0","0","0","0","0","0","0","0","0","0","0","0","0","0","0","0","1"
"0x733ee13123e0","      SHF.R.U32.HI R10, RZ, 0xa, R2","2","1","2","32768","1048576","1048576","32","32","-","-","-","0","0","0","0","0","-","0","0","0","0","0","0","0","0","0","0","0","0","0","0","0","0","0","0","0","0","0","0","0","2","0","0","0","0","0","0","0","0","0","0","0","0","0","0","0","0","0","1"
"0x733ee13123f0","      SHF.R.U32.HI R12, RZ, 0xe, R2","1","1","1","32768","1048576","1048576","32","32","-","-","-","0","0","0","0","0","-","0","0","0","0","0","0","0","0","0","0","0","0","0","0","0","0","0","0","0","0","0","0","0","1","0","0","0","0","0","0","0","0","0","0","0","0","0","0","0","0","0","1"
"0x733ee1312400","      PRMT R16, R3, 0x9910, RZ","0","0","0","32768","1048576","1048576","32","32","-","-","-","0","0","0","0","0","-","0","0","0","0","0","0","0","0","0","0","0","0","0","0","0","0","0","0","0","0","0","0","0","0","0","0","0","0","0","0","0","0","0","0","0","0","0","0","0","0","0","0"
"0x733ee1312410","      LOP3.LUT R11, R10, 0x1c, RZ, 0xc0, !PT","3","1","3","32768","1048576","1048576","32","32","-","-","-","0","0","0","0","0","-","0","0","0","0","0","0","0","0","0","0","0","0","0","1","0","0","0","0","2","0","0","0","0","0","0","0","0","0","0","0","0","1","0","0","0","0","0","0","0","0","0","0"
"0x733ee1312420","      LOP3.LUT R13, R12, 0x1c, RZ, 0xc0, !PT","1","0","1","32768","1048576","1048576","32","32","-","-","-","0","0","0","0","0","-","0","0","0","0","0","0","0","0","0","0","0","0","0","0","0","0","0","0","0","1","0","0","0","0","0","0","0","0","0","0","0","0","0","0","0","0","0","0","0","0","0","0"
"0x733ee1312430","      ISETP.GT.AND P5, PT, R16, -0x1, PT","0","0","0","32768","1048576","1048576","32","32","-","-","-","0","0","0","0","0","-","0","0","0","0","0","0","0","0","0","0","0","0","0","0","0","0","0","0","0","0","0","0","0","0","0","0","0","0","0","0","0","0","0","0","0","0","0","0","0","0","0","0"
"0x733ee1312440","      SHF.R.U32.HI R14, RZ, 0xa, R3","1","1","1","32768","1048576","1048576","32","32","-","-","-","0","0","0","0","0","-","0","0","0","0","0","0","0","0","0","0","0","0","0","0","0","0","0","0","0","0","0","0","0","1","0","0","0","0","0","0","0","0","0","0","0","0","0","0","0","0","0","1"
"0x733ee1312450","      LOP3.LUT P6, RZ, R2, 0x80000, RZ, 0xc0, !PT","0","0","0","32768","1048576","1048576","32","32","-","-","-","0","0","0","0","0","-","0","0","0","0","0","0","0","0","0","0","0","0","0","0","0","0","0","0","0","0","0","0","0","0","0","0","0","0","0","0","0","0","0","0","0","0","0","0","0","0","0","0"
"0x733ee1312460","      LOP3.LUT P4, RZ, R2, 0x800000, RZ, 0xc0, !PT","1","1","1","32768","1048576","1048576","32","32","-","-","-","0","0","0","0","0","-","0","0","0","0","0","0","0","0","0","0","0","0","0","0","0","0","0","0","0","0","0","0","0","1","0","0","0","0","0","0","0","0","0","0","0","0","0","0","0","0","0","1"
"0x733ee1312470","      LOP3.LUT P2, RZ, R2, 0x8000000, RZ, 0xc0, !PT","5","2","5","32768","1048576","1048576","32","32","-","-","-","0","0","0","0","0","-","0","0","0","0","0","0","0","0","0","0","0","0","0","2","0","0","0","0","3","0","0","0","0","0","0","0","0","0","0","0","0","2","0","0","0","0","0","0","0","0","0","0"
"0x733ee1312480","      ISETP.GT.AND P1, PT, R2, -0x1, PT","0","0","0","32768","1048576","1048576","32","32","-","-","-","0","0","0","0","0","-","0","0","0","0","0","0","0","0","0","0","0","0","0","0","0","0","0","0","0","0","0","0","0","0","0","0","0","0","0","0","0","0","0","0","0","0","0","0","0","0","0","0"
"0x733ee1312490","      SHF.R.U32.HI R16, RZ, 0x12, R2","1","1","1","32768","1048576","1048576","32","32","-","-","-","0","0","0","0","0","-","0","0","0","0","0","0","0","0","0","0","0","0","0","0","0","0","0","0","0","0","0","0","0","1","0","0","0","0","0","0","0","0","0","0","0","0","0","0","0","0","0","1"
"0x733ee13124a0","      SHF.R.U32.HI R17, RZ, 0x16, R2","1","0","1","32768","1048576","1048576","32","32","-","-","-","0","0","0","0","0","-","0","0","0","0","0","0","0","0","0","0","0","0","0","0","0","0","0","0","1","0","0","0","0","0","0","0","0","0","0","0","0","0","0","0","0","0","0","0","0","0","0","0"
"0x733ee13124b0","      SHF.R.U32.HI R10, RZ, 0x1a, R2","0","0","0","32768","1048576","1048576","32","32","-","-","-","0","0","0","0","0","-","0","0","0","0","0","0","0","0","0","0","0","0","0","0","0","0","0","0","0","0","0","0","0","0","0","0","0","0","0","0","0","0","0","0","0","0","0","0","0","0","0","0"
"0x733ee13124c0","      SHF.R.U32.HI R12, RZ, R11, R6","3","1","3","32768","1048576","1048576","32","32","-","-","-","0","0","0","0","0","-","0","0","0","0","0","0","0","0","0","0","0","0","0","0","0","0","0","0","0","2","0","0","0","1","0","0","0","0","0","0","0","0","0","0","0","0","0","0","0","0","0","1"
"0x733ee13124d0","      SHF.R.U32.HI R2, RZ, R13, R6","3","2","3","32768","1048576","1048576","32","32","-","-","-","0","0","0","0","0","-","0","0","0","0","0","0","0","0","0","0","0","0","0","2","0","0","0","0","0","1","0","0","0","0","0","0","0","0","0","0","0","2","0","0","0","0","0","0","0","0","0","0"
"0x733ee13124e0","      LOP3.LUT R19, R14, 0x1c, RZ, 0xc0, !PT","3","1","3","32768","1048576","1048576","32","32","-","-","-","0","0","0","0","0","-","0","0","0","0","0","0","0","0","0","0","0","0","0","0","0","0","0","0","0","2","0","0","0","1","0","0","0","0","0","0","0","0","0","0","0","0","0","0","0","0","0","1"
"0x733ee13124f0","@!P3  IMAD.MOV R12, RZ, RZ, -R12","0","0","0","32768","1048576","524405","32","16","-","-","-","0","0","0","0","0","-","0","0","0","0","0","0","0","0","0","0","0","0","0","0","0","0","0","0","0","0","0","0","0","0","0","0","0","0","0","0","0","0","0","0","0","0","0","0","0","0","0","0"
"0x733ee1312500","      LOP3.LUT P0, RZ, R3, 0x80000, RZ, 0xc0, !PT","2","0","2","32768","1048576","1048576","32","32","-","-","-","0","0","0","0","0","-","0","0","0","0","0","0","0","0","0","0","0","0","0","0","0","0","0","0","0","2","0","0","0","0","0","0","0","0","0","0","0","0","0","0","0","0","0","0","0","0","0","0"
"0x733ee1312510","@P6   IMAD.MOV R2, RZ, RZ, -R2","0","0","0","32768","1048576","524900","32","16","-","-","-","0","0","0","0","0","-","0","0","0","0","0","0","0","0","0","0","0","0","0","0","0","0","0","0","0","0","0","0","0","0","0","0","0","0","0","0","0","0","0","0","0","0","0","0","0","0","0","0"
"0x733ee1312520","      SHF.R.U32.HI R13, RZ, 0xe, R3","1","0","1","32768","1048576","1048576","32","32","-","-","-","0","0","0","0","0","-","0","0","0","0","0","0","0","0","0","0","0","0","0","0","0","0","0","0","0","1","0","0","0","0","0","0","0","0","0","0","0","0","0","0","0","0","0","0","0","0","0","0"
"0x733ee1312530","      IMAD.SHL.U32 R12, R12, 0x1000, RZ","1","0","1","32768","1048576","1048576","32","32","-","-","-","0","0","0","0","0","-","0","0","0","0","0","0","0","0","0","0","0","0","0","0","0","0","0","0","0","1","0","0","0","0","0","0","0","0","0","0","0","0","0","0","0","0","0","0","0","0","0","0"
"0x733ee1312540","      SHF.R.U32.HI R14, RZ, R19, R6","0","0","0","32768","1048576","1048576","32","32","-","-","-","0","0","0","0","0","-","0","0","0","0","0","0","0","0","0","0","0","0","0","0","0","0","0","0","0","0","0","0","0","0","0","0","0","0","0","0","0","0","0","0","0","0","0","0","0","0","0","0"
"0x733ee1312550","      IMAD.U32 R2, R2, 0x10000, RZ","0","0","0","32768","1048576","1048576","32","32","-","-","-","0","0","0","0","0","-","0","0","0","0","0","0","0","0","0","0","0","0","0","0","0","0","0","0","0","0","0","0","0","0","0","0","0","0","0","0","0","0","0","0","0","0","0","0","0","0","0","0"
"0x733ee1312560","      LOP3.LUT P3, RZ, R3, 0x800000, RZ, 0xc0, !PT","1","0","1","32768","1048576","1048576","32","32","-","-","-","0","0","0","0","0","-","0","0","0","0","0","0","0","0","0","0","0","0","0","0","0","0","0","0","0","1","0","0","0","0","0","0","0","0","0","0","0","0","0","0","0","0","0","0","0","0","0","0"
"0x733ee1312570","      SHF.R.U32.HI R18, RZ, 0x12, R3","7","1","7","32768","1048576","1048576","32","32","-","-","-","0","0","0","0","0","-","0","0","0","0","0","0","0","0","0","0","0","0","0","4","0","0","0","0","3","0","0","0","0","0","0","0","0","0","0","0","0","1","0","0","0","0","0","0","0","0","0","0"
"0x733ee1312580","@!P5  IMAD.MOV R14, RZ, RZ, -R14","1","0","1","32768","1048576","524745","32","16","-","-","-","0","0","0","0","0","-","0","0","0","0","0","0","0","0","0","0","0","0","0","0","0","0","0","0","0","1","0","0","0","0","0","0","0","0","0","0","0","0","0","0","0","0","0","0","0","0","0","0"
"0x733ee1312590","      LOP3.LUT R13, R13, 0x1c, RZ, 0xc0, !PT","3","0","3","32768","1048576","1048576","32","32","-","-","-","0","0","0","0","0","-","0","0","0","0","0","0","0","0","0","0","0","0","0","0","0","0","0","0","0","3","0","0","0","0","0","0","0","0","0","0","0","0","0","0","0","0","0","0","0","0","0","0"
"0x733ee13125a0","      LOP3.LUT R11, R16, 0x1c, RZ, 0xc0, !PT","0","0","0","32768","1048576","1048576","32","32","-","-","-","0","0","0","0","0","-","0","0","0","0","0","0","0","0","0","0","0","0","0","0","0","0","0","0","0","0","0","0","0","0","0","0","0","0","0","0","0","0","0","0","0","0","0","0","0","0","0","0"
"0x733ee13125b0","      IMAD.SHL.U32 R14, R14, 0x1000, RZ","0","0","0","32768","1048576","1048576","32","32","-","-","-","0","0","0","0","0","-","0","0","0","0","0","0","0","0","0","0","0","0","0","0","0","0","0","0","0","0","0","0","0","0","0","0","0","0","0","0","0","0","0","0","0","0","0","0","0","0","0","0"
"0x733ee13125c0","      LOP3.LUT R19, R18, 0x1c, RZ, 0xc0, !PT","0","0","0","32768","1048576","1048576","32","32","-","-","-","0","0","0","0","0","-","0","0","0","0","0","0","0","0","0","0","0","0","0","0","0","0","0","0","0","0","0","0","0","0","0","0","0","0","0","0","0","0","0","0","0","0","0","0","0","0","0","0"
"0x733ee13125d0","      SHF.R.U32.HI R16, RZ, R13, R6","2","0","2","32768","1048576","1048576","32","32","-","-","-","0","0","0","0","0","-","0","0","0","0","0","0","0","0","0","0","0","0","0","0","0","0","0","0","0","2","0","0","0","0","0","0","0","0","0","0","0","0","0","0","0","0","0","0","0","0","0","0"
"0x733ee13125e0","      LOP3.LUT P6, RZ, R3, 0x8000000, RZ, 0xc0, !PT","1","0","1","32768","1048576","1048576","32","32","-","-","-","0","0","0","0","0","-","0","0","0","0","0","0","0","0","0","0","0","0","0","0","0","0","0","0","0","1","0","0","0","0","0","0","0","0","0","0","0","0","0","0","0","0","0","0","0","0","0","0"
"0x733ee13125f0","      SHF.R.U32.HI R20, RZ, 0x16, R3","6","0","6","32768","1048576","1048576","32","32","-","-","-","0","0","0","0","0","-","0","0","0","0","0","0","0","0","0","0","0","0","0","3","0","0","0","0","2","1","0","0","0","0","0","0","0","0","0","0","0","0","0","0","0","0","0","0","0","0","0","0"
"0x733ee1312600","@P0   IMAD.MOV R16, RZ, RZ, -R16","1","0","1","32768","1048576","524648","32","16","-","-","-","0","0","0","0","0","-","0","0","0","0","0","0","0","0","0","0","0","0","0","0","0","0","0","0","0","1","0","0","0","0","0","0","0","0","0","0","0","0","0","0","0","0","0","0","0","0","0","0"
"0x733ee1312610","      SHF.R.U32.HI R19, RZ, R19, R6","1","0","1","32768","1048576","1048576","32","32","-","-","-","0","0","0","0","0","-","0","0","0","0","0","0","0","0","0","0","0","0","0","0","0","0","0","0","0","1","0","0","0","0","0","0","0","0","0","0","0","0","0","0","0","0","0","0","0","0","0","0"
"0x733ee1312620","      LOP3.LUT R17, R17, 0x1c, RZ, 0xc0, !PT","1","0","1","32768","1048576","1048576","32","32","-","-","-","0","0","0","0","0","-","0","0","0","0","0","0","0","0","0","0","0","0","0","0","0","0","0","0","0","1","0","0","0","0","0","0","0","0","0","0","0","0","0","0","0","0","0","0","0","0","0","0"
"0x733ee1312630","      IMAD.U32 R16, R16, 0x10000, RZ","0","0","0","32768","1048576","1048576","32","32","-","-","-","0","0","0","0","0","-","0","0","0","0","0","0","0","0","0","0","0","0","0","0","0","0","0","0","0","0","0","0","0","0","0","0","0","0","0","0","0","0","0","0","0","0","0","0","0","0","0","0"
"0x733ee1312640","      SHF.R.U32.HI R11, RZ, R11, R6","0","0","0","32768","1048576","1048576","32","32","-","-","-","0","0","0","0","0","-","0","0","0","0","0","0","0","0","0","0","0","0","0","0","0","0","0","0","0","0","0","0","0","0","0","0","0","0","0","0","0","0","0","0","0","0","0","0","0","0","0","0"
"0x733ee1312650","@P3   IMAD.MOV R19, RZ, RZ, -R19","0","0","0","32768","1048576","523943","32","15","-","-","-","0","0","0","0","0","-","0","0","0","0","0","0","0","0","0","0","0","0","0","0","0","0","0","0","0","0","0","0","0","0","0","0","0","0","0","0","0","0","0","0","0","0","0","0","0","0","0","0"
"0x733ee1312660","      ISETP.GT.AND P5, PT, R3, -0x1, PT","0","0","0","32768","1048576","1048576","32","32","-","-","-","0","0","0","0","0","-","0","0","0","0","0","0","0","0","0","0","0","0","0","0","0","0","0","0","0","0","0","0","0","0","0","0","0","0","0","0","0","0","0","0","0","0","0","0","0","0","0","0"
"0x733ee1312670","      SHF.R.U32.HI R22, RZ, 0x1a, R3","1","0","1","32768","1048576","1048576","32","32","-","-","-","0","0","0","0","0","-","0","0","0","0","0","0","0","0","0","0","0","0","0","0","0","0","0","0","0","1","0","0","0","0","0","0","0","0","0","0","0","0","0","0","0","0","0","0","0","0","0","0"
"0x733ee1312680","@P4   IMAD.MOV R11, RZ, RZ, -R11","0","0","0","32768","1048576","523429","32","15","-","-","-","0","0","0","0","0","-","0","0","0","0","0","0","0","0","0","0","0","0","0","0","0","0","0","0","0","0","0","0","0","0","0","0","0","0","0","0","0","0","0","0","0","0","0","0","0","0","0","0"
"0x733ee1312690","      LOP3.LUT R21, R20, 0x1c, RZ, 0xc0, !PT","0","0","0","32768","1048576","1048576","32","32","-","-","-","0","0","0","0","0","-","0","0","0","0","0","0","0","0","0","0","0","0","0","0","0","0","0","0","0","0","0","0","0","0","0","0","0","0","0","0","0","0","0","0","0","0","0","0","0","0","0","0"
"0x733ee13126a0","      LOP3.LUT R3, R10, 0x1c, RZ, 0xc0, !PT","8","3","8","32768","1048576","1048576","32","32","-","-","-","0","0","0","0","0","-","0","0","0","0","0","0","0","0","0","0","0","0","0","5","0","0","0","0","2","0","0","0","0","1","0","0","0","0","0","0","0","2","0","0","0","0","0","0","0","0","0","1"
"0x733ee13126b0","      IMAD.SHL.U32 R11, R11, 0x100000, RZ","0","0","0","32768","1048576","1048576","32","32","-","-","-","0","0","0","0","0","-","0","0","0","0","0","0","0","0","0","0","0","0","0","0","0","0","0","0","0","0","0","0","0","0","0","0","0","0","0","0","0","0","0","0","0","0","0","0","0","0","0","0"
"0x733ee13126c0","      SHF.R.U32.HI R10, RZ, R17, R6","0","0","0","32768","1048576","1048576","32","32","-","-","-","0","0","0","0","0","-","0","0","0","0","0","0","0","0","0","0","0","0","0","0","0","0","0","0","0","0","0","0","0","0","0","0","0","0","0","0","0","0","0","0","0","0","0","0","0","0","0","0"
"0x733ee13126d0","      LOP3.LUT R7, R7, 0xf000, R14, 0xf8, !PT","0","0","0","32768","1048576","1048576","32","32","-","-","-","0","0","0","0","0","-","0","0","0","0","0","0","0","0","0","0","0","0","0","0","0","0","0","0","0","0","0","0","0","0","0","0","0","0","0","0","0","0","0","0","0","0","0","0","0","0","0","0"
"0x733ee13126e0","      LOP3.LUT R23, R22, 0x1c, RZ, 0xc0, !PT","0","0","0","32768","1048576","1048576","32","32","-","-","-","0","0","0","0","0","-","0","0","0","0","0","0","0","0","0","0","0","0","0","0","0","0","0","0","0","0","0","0","0","0","0","0","0","0","0","0","0","0","0","0","0","0","0","0","0","0","0","0"
"0x733ee13126f0","@P2   IMAD.MOV R10, RZ, RZ, -R10","0","0","0","32768","1048576","524261","32","15","-","-","-","0","0","0","0","0","-","0","0","0","0","0","0","0","0","0","0","0","0","0","0","0","0","0","0","0","0","0","0","0","0","0","0","0","0","0","0","0","0","0","0","0","0","0","0","0","0","0","0"
"0x733ee1312700","      SHF.R.U32.HI R13, RZ, R21, R6","0","0","0","32768","1048576","1048576","32","32","-","-","-","0","0","0","0","0","-","0","0","0","0","0","0","0","0","0","0","0","0","0","0","0","0","0","0","0","0","0","0","0","0","0","0","0","0","0","0","0","0","0","0","0","0","0","0","0","0","0","0"
"0x733ee1312710","      LOP3.LUT R9, R9, 0xf000, R12, 0xf8, !PT","2","0","2","32768","1048576","1048576","32","32","-","-","-","0","0","0","0","0","-","0","0","0","0","0","0","0","0","0","0","0","0","0","0","0","0","0","0","0","2","0","0","0","0","0","0","0","0","0","0","0","0","0","0","0","0","0","0","0","0","0","0"
"0x733ee1312720","      IMAD.SHL.U32 R12, R19, 0x100000, RZ","0","0","0","32768","1048576","1048576","32","32","-","-","-","0","0","0","0","0","-","0","0","0","0","0","0","0","0","0","0","0","0","0","0","0","0","0","0","0","0","0","0","0","0","0","0","0","0","0","0","0","0","0","0","0","0","0","0","0","0","0","0"
"0x733ee1312730","      LOP3.LUT R7, R7, 0xf0000, R16, 0xf8, !PT","3","0","3","32768","1048576","1048576","32","32","-","-","-","0","0","0","0","0","-","0","0","0","0","0","0","0","0","0","0","0","0","0","0","0","0","0","0","0","3","0","0","0","0","0","0","0","0","0","0","0","0","0","0","0","0","0","0","0","0","0","0"
"0x733ee1312740","@P6   IMAD.MOV R13, RZ, RZ, -R13","0","0","0","32768","1048576","524524","32","16","-","-","-","0","0","0","0","0","-","0","0","0","0","0","0","0","0","0","0","0","0","0","0","0","0","0","0","0","0","0","0","0","0","0","0","0","0","0","0","0","0","0","0","0","0","0","0","0","0","0","0"
"0x733ee1312750","      SHF.R.U32.HI R3, RZ, R3, R6","0","0","0","32768","1048576","1048576","32","32","-","-","-","0","0","0","0","0","-","0","0","0","0","0","0","0","0","0","0","0","0","0","0","0","0","0","0","0","0","0","0","0","0","0","0","0","0","0","0","0","0","0","0","0","0","0","0","0","0","0","0"
"0x733ee1312760","      SHF.R.U32.HI R6, RZ, R23, R6","3","2","3","32768","1048576","1048576","32","32","-","-","-","0","0","0","0","0","-","0","0","0","0","0","0","0","0","0","0","0","0","0","3","0","0","0","0","0","0","0","0","0","0","0","0","0","0","0","0","0","2","0","0","0","0","0","0","0","0","0","0"
"0x733ee1312770","      IMAD.SHL.U32 R13, R13, 0x1000000, RZ","1","0","1","32768","1048576","1048576","32","32","-","-","-","0","0","0","0","0","-","0","0","0","0","0","0","0","0","0","0","0","0","0","0","0","0","0","0","0","1","0","0","0","0","0","0","0","0","0","0","0","0","0","0","0","0","0","0","0","0","0","0"
"0x733ee1312780","      LOP3.LUT R2, R9, 0xf0000, R2, 0xf8, !PT","1","0","1","32768","1048576","1048576","32","32","-","-","-","0","0","0","0","0","-","0","0","0","0","0","0","0","0","0","0","0","0","0","0","0","0","0","0","0","1","0","0","0","0","0","0","0","0","0","0","0","0","0","0","0","0","0","0","0","0","0","0"
"0x733ee1312790","@!P1  IMAD.MOV R3, RZ, RZ, -R3","0","0","0","32768","1048576","524423","32","16","-","-","-","0","0","0","0","0","-","0","0","0","0","0","0","0","0","0","0","0","0","0","0","0","0","0","0","0","0","0","0","0","0","0","0","0","0","0","0","0","0","0","0","0","0","0","0","0","0","0","0"
"0x733ee13127a0","      LOP3.LUT R12, R7, 0xf00000, R12, 0xf8, !PT","1","0","1","32768","1048576","1048576","32","32","-","-","-","0","0","0","0","0","-","0","0","0","0","0","0","0","0","0","0","0","0","0","0","0","0","0","0","0","1","0","0","0","0","0","0","0","0","0","0","0","0","0","0","0","0","0","0","0","0","0","0"
"0x733ee13127b0","      IMAD.SHL.U32 R7, R10, 0x1000000, RZ","1","0","1","32768","1048576","1048576","32","32","-","-","-","0","0","0","0","0","-","0","0","0","0","0","0","0","0","0","0","0","0","0","0","0","0","0","0","0","1","0","0","0","0","0","0","0","0","0","0","0","0","0","0","0","0","0","0","0","0","0","0"
"0x733ee13127c0","      LOP3.LUT R2, R2, 0xf00000, R11, 0xf8, !PT","0","0","0","32768","1048576","1048576","32","32","-","-","-","0","0","0","0","0","-","0","0","0","0","0","0","0","0","0","0","0","0","0","0","0","0","0","0","0","0","0","0","0","0","0","0","0","0","0","0","0","0","0","0","0","0","0","0","0","0","0","0"
"0x733ee13127d0","@!P5  IMAD.MOV R6, RZ, RZ, -R6","0","0","0","32768","1048576","523710","32","15","-","-","-","0","0","0","0","0","-","0","0","0","0","0","0","0","0","0","0","0","0","0","0","0","0","0","0","0","0","0","0","0","0","0","0","0","0","0","0","0","0","0","0","0","0","0","0","0","0","0","0"
"0x733ee13127e0","      LOP3.LUT P0, RZ, R15, 0x7, RZ, 0xc0, !PT","0","0","0","32768","1048576","1048576","32","32","-","-","-","0","0","0","0","0","-","0","0","0","0","0","0","0","0","0","0","0","0","0","0","0","0","0","0","0","0","0","0","0","0","0","0","0","0","0","0","0","0","0","0","0","0","0","0","0","0","0","0"
"0x733ee13127f0","      IMAD.SHL.U32 R3, R3, 0x10000000, RZ","1","0","1","32768","1048576","1048576","32","32","-","-","-","0","0","0","0","0","-","0","0","0","0","0","0","0","0","0","0","0","0","0","0","0","0","0","0","0","1","0","0","0","0","0","0","0","0","0","0","0","0","0","0","0","0","0","0","0","0","0","0"
"0x733ee1312800","      LOP3.LUT R2, R2, 0xf000000, R7, 0xf8, !PT","3","0","3","32768","1048576","1048576","32","32","-","-","-","0","0","0","0","0","-","0","0","0","0","0","0","0","0","0","0","0","0","0","0","0","0","0","0","0","3","0","0","0","0","0","0","0","0","0","0","0","0","0","0","0","0","0","0","0","0","0","0"
"0x733ee1312810","      IMAD.SHL.U32 R7, R6, 0x10000000, RZ","0","0","0","32768","1048576","1048576","32","32","-","-","-","0","0","0","0","0","-","0","0","0","0","0","0","0","0","0","0","0","0","0","0","0","0","0","0","0","0","0","0","0","0","0","0","0","0","0","0","0","0","0","0","0","0","0","0","0","0","0","0"
"0x733ee1312820","      LOP3.LUT R12, R12, 0xf000000, R13, 0xf8, !PT","0","0","0","32768","1048576","1048576","32","32","-","-","-","0","0","0","0","0","-","0","0","0","0","0","0","0","0","0","0","0","0","0","0","0","0","0","0","0","0","0","0","0","0","0","0","0","0","0","0","0","0","0","0","0","0","0","0","0","0","0","0"
"0x733ee1312830","      IMAD.WIDE.U32 R8, R8, R5, c[0x0][0x188]","1","0","1","32768","1048576","1048576","32","32","-","-","-","0","0","0","0","0","-","0","0","0","0","0","0","0","0","0","0","0","0","0","0","0","0","0","0","0","1","0","0","0","0","0","0","0","0","0","0","0","0","0","0","0","0","0","0","0","0","0","0"
"0x733ee1312840","      LOP3.LUT R2, R3, R2, RZ, 0xfc, !PT","0","0","0","32768","1048576","1048576","32","32","-","-","-","0","0","0","0","0","-","0","0","0","0","0","0","0","0","0","0","0","0","0","0","0","0","0","0","0","0","0","0","0","0","0","0","0","0","0","0","0","0","0","0","0","0","0","0","0","0","0","0"
"0x733ee1312850","      LOP3.LUT R3, R7, R12, RZ, 0xfc, !PT","4","1","4","32768","1048576","1048576","32","32","-","-","-","0","0","0","0","0","-","0","0","0","0","0","0","0","0","0","0","0","0","0","1","0","0","0","0","3","0","0","0","0","0","0","0","0","0","0","0","0","1","0","0","0","0","0","0","0","0","0","0"
"0x733ee1312860","      STG.E.64 [R8.64], R2","8","0","8","32768","1048576","1048576","32","32","Global","Store","64","65536","0","0","262144","262144","","0","0","0","0","0","0","0","0","0","0","0","0","0","0","0","0","0","0","1","1","0","0","0","6","0","0","0","0","0","0","0","0","0","0","0","0","0","0","0","0","0","0"
"0x733ee1312870","@P0   EXIT","0","0","0","32768","1048576","917504","32","28","-","-","-","0","0","0","0","0","-","0","0","0","0","0","0","0","0","0","0","0","0","0","0","0","0","0","0","0","0","0","0","0","0","0","0","0","0","0","0","0","0","0","0","0","0","0","0","0","0","0","0"
"0x733ee1312880","      IADD3 R6, P0, R0, c[0x0][0x168], RZ","3","1","3","32768","131072","131072","4","4","-","-","-","0","0","0","0","0","-","0","0","0","0","0","0","0","2","0","0","0","0","0","0","0","0","0","0","0","0","0","0","0","1","0","1","0","0","0","0","0","0","0","0","0","0","0","0","0","0","0","0"
"0x733ee1312890","      IMAD.X R7, RZ, RZ, c[0x0][0x16c], P0","3","0","3","32768","131072","131072","4","4","-","-","-","0","0","0","0","0","-","0","0","0","0","0","0","0","0","0","0","0","0","0","0","0","0","0","0","0","2","0","0","0","1","0","0","0","0","0","0","0","0","0","0","0","0","0","0","0","0","0","0"
"0x733ee13128a0","      LDG.E.U8 R6, [R6.64]","4","1","4","32768","131072","131072","4","4","Global","Load","8","32768","0","98304","131072","32768","","0","0","0","0","0","0","0","0","0","0","0","0","0","0","0","0","0","0","0","0","0","0","0","4","0","0","0","0","0","0","0","0","0","0","0","0","0","0","0","0","0","1"
"0x733ee13128b0","      IMAD.MOV.U32 R3, RZ, RZ, c[0x0][0x174]","1","0","1","32768","131072","131072","4","4","-","-","-","0","0","0","0","0","-","0","0","0","0","0","0","0","0","0","0","0","0","0","0","0","0","0","0","0","1","0","0","0","0","0","0","0","0","0","0","0","0","0","0","0","0","0","0","0","0","0","0"
"0x733ee13128c0","      IMAD.MOV.U32 R2, RZ, RZ, c[0x0][0x170]","2","0","2","32768","131072","131072","4","4","-","-","-","0","0","0","0","0","-","0","0","0","0","0","0","0","0","0","0","0","0","0","0","0","0","0","0","1","0","0","0","0","1","0","0","0","0","0","0","0","0","0","0","0","0","0","0","0","0","0","0"
"0x733ee13128d0","      LDG.E R3, [R2.64]","0","0","0","32768","131072","131072","4","4","Global","Load","32","32768","0","0","32768","32768","","0","0","0","0","0","0","0","0","0","0","0","0","0","0","0","0","0","0","0","0","0","0","0","0","0","0","0","0","0","0","0","0","0","0","0","0","0","0","0","0","0","0"
"0x733ee13128e0","      PLOP3.LUT P2, PT, PT, PT, PT, 0x8, 0x0","1","0","1","32768","131072","131072","4","4","-","-","-","0","0","0","0","0","-","0","0","0","0","0","0","0","0","0","0","0","0","0","0","0","0","0","0","0","1","0","0","0","0","0","0","0","0","0","0","0","0","0","0","0","0","0","0","0","0","0","0"
"0x733ee13128f0","      LOP3.LUT P0, RZ, R6, 0x78, RZ, 0xc0, !PT","275","98","275","32768","131072","131072","4","4","-","-","-","0","0","0","0","0","-","0","0","0","0","0","0","0","0","0","0","0","0","270","2","0","0","0","0","3","0","0","0","0","0","0","0","0","0","0","0","97","1","0","0","0","0","0","0","0","0","0","0"
"0x733ee1312900","      LOP3.LUT R0, R6, 0x7, RZ, 0xc0, !PT","3","1","3","32768","131072","131072","4","4","-","-","-","0","0","0","0","0","-","0","0","0","0","0","0","0","0","0","0","0","0","0","1","0","0","0","0","0","1","0","0","0","1","0","0","0","0","0","0","0","1","0","0","0","0","0","0","0","0","0","0"
"0x733ee1312910","@!P0  I2F.U32 R8, R0","11","4","11","32768","131072","0","4","0","-","-","-","0","0","0","0","0","-","0","0","0","0","0","0","0","0","0","0","0","0","0","0","0","0","0","0","3","2","0","0","0","6","0","0","0","0","0","0","0","0","0","0","0","0","0","0","0","0","0","4"
"0x733ee1312920","@!P0  LOP3.LUT P1, RZ, R6, 0x80, RZ, 0xc0, !PT","0","0","0","32768","131072","0","4","0","-","-","-","0","0","0","0","0","-","0","0","0","0","0","0","0","0","0","0","0","0","0","0","0","0","0","0","0","0","0","0","0","0","0","0","0","0","0","0","0","0","0","0","0","0","0","0","0","0","0","0"
"0x733ee1312930","@P0   IMAD.SHL.U32 R5, R6, 0x1000000, RZ","1","0","1","32768","131072","131072","4","4","-","-","-","0","0","0","0","0","-","0","0","0","0","0","0","0","0","0","0","0","0","0","0","0","0","0","0","0","1","0","0","0","0","0","0","0","0","0","0","0","0","0","0","0","0","0","0","0","0","0","0"
"0x733ee1312940","      LOP3.LUT R6, R6, 0x78, RZ, 0xc0, !PT","1","0","1","32768","131072","131072","4","4","-","-","-","0","0","0","0","0","-","0","0","0","0","0","0","0","0","0","0","0","0","0","0","0","0","0","0","0","1","0","0","0","0","0","0","0","0","0","0","0","0","0","0","0","0","0","0","0","0","0","0"
"0x733ee1312950","@!P0  PLOP3.LUT P2, PT, P1, PT, PT, 0x80, 0x0","1","0","1","32768","131072","0","4","0","-","-","-","0","0","0","0","0","-","0","0","0","0","0","0","0","0","0","0","0","0","0","0","0","0","0","0","0","1","0","0","0","0","0","0","0","0","0","0","0","0","0","0","0","0","0","0","0","0","0","0"
"0x733ee1312960","@P0   LOP3.LUT R5, R5, 0x80000000, RZ, 0xc0, !PT","3","1","3","32768","131072","131072","4","4","-","-","-","0","0","0","0","0","-","0","0","0","0","0","0","0","0","0","0","0","0","0","0","0","0","0","0","0","0","0","0","0","3","0","0","0","0","0","0","0","0","0","0","0","0","0","0","0","0","0","1"
"0x733ee1312970","@P0   LEA R6, R6, 0x3c000000, 0x14","2","1","2","32768","131072","131072","4","4","-","-","-","0","0","0","0","0","-","0","0","0","0","0","0","0","0","0","0","0","0","0","0","0","0","0","0","0","1","0","0","0","1","0","0","0","0","0","0","0","0","0","0","0","0","0","0","0","0","0","1"
"0x733ee1312980","@P0   IMAD R5, R0, 0x100000, R5","6","1","6","32768","131072","131072","4","4","-","-","-","0","0","0","0","0","-","0","0","0","0","0","0","0","0","0","0","0","0","0","1","0","0","0","0","1","4","0","0","0","0","0","0","0","0","0","0","0","1","0","0","0","0","0","0","0","0","0","0"
"0x733ee1312990","@!P0  FMUL R2, R8, 0.001953125","2","1","2","32768","131072","0","4","0","-","-","-","0","0","0","0","0","-","0","0","0","0","0","0","0","0","0","0","0","0","0","1","0","0","0","0","0","0","1","0","0","0","0","0","0","0","0","0","0","1","0","0","0","0","0","0","0","0","0","0"
"0x733ee13129a0","@P2   FMUL R2, R8, -0.001953125","8","1","8","32768","131072","0","4","0","-","-","-","0","0","0","0","0","-","0","0","0","0","0","0","0","0","0","0","0","0","0","1","0","0","0","0","0","0","0","0","0","7","0","0","0","0","0","0","0","0","0","0","0","0","0","0","0","0","0","1"
"0x733ee13129b0","@P0   IMAD.IADD R6, R6, 0x1, R5","5","0","5","32768","131072","131072","4","4","-","-","-","0","0","0","0","0","-","0","0","0","0","0","0","0","0","0","0","0","0","0","0","0","0","0","0","1","1","0","0","0","3","0","0","0","0","0","0","0","0","0","0","0","0","0","0","0","0","0","0"
"0x733ee13129c0","      IMAD.MOV.U32 R5, RZ, RZ, 0x4","2","0","2","32768","131072","131072","4","4","-","-","-","0","0","0","0","0","-","0","0","0","0","0","0","0","0","0","0","0","0","0","1","0","0","0","0","1","0","0","0","0","0","0","0","0","0","0","0","0","0","0","0","0","0","0","0","0","0","0","0"
"0x733ee13129d0","@!P0  IMAD.MOV.U32 R6, RZ, RZ, R2","2","1","2","32768","131072","0","4","0","-","-","-","0","0","0","0","0","-","0","0","0","0","0","0","0","0","0","0","0","0","0","0","0","0","0","0","1","0","0","0","0","1","0","0","0","0","0","0","0","0","0","0","0","0","0","0","0","0","0","1"
"0x733ee13129e0","      IMAD.WIDE.U32 R4, R4, R5, c[0x0][0x190]","1","0","1","32768","131072","131072","4","4","-","-","-","0","0","0","0","0","-","0","0","0","0","0","0","0","0","0","0","0","0","0","0","0","0","0","0","0","1","0","0","0","0","0","0","0","0","0","0","0","0","0","0","0","0","0","0","0","0","0","0"
"0x733ee13129f0","      FMUL R3, R3, R6","11","0","11","32768","131072","131072","4","4","-","-","-","0","0","0","0","0","-","0","0","0","0","0","0","0","0","1","0","0","0","0","3","0","0","0","0","4","1","0","0","0","2","0","0","0","0","0","0","0","0","0","0","0","0","0","0","0","0","0","0"
"0x733ee1312a00","      STG.E [R4.64], R3","5","0","5","32768","131072","131072","4","4","Global","Store","32","32768","0","0","32768","32768","","0","0","0","0","0","0","0","0","0","0","0","0","0","0","0","0","0","0","2","0","0","0","0","3","0","0","0","0","0","0","0","0","0","0","0","0","0","0","0","0","0","0"
"0x733ee1312a10","      EXIT","1","0","1","32768","131072","131072","4","4","-","-","-","0","0","0","0","0","-","0","0","0","0","0","0","0","0","0","0","0","0","0","0","0","0","0","0","0","1","0","0","0","0","0","0","0","0","0","0","0","0","0","0","0","0","0","0","0","0","0","0"
"0x733ee1312a20","      BRA 0x733ee1312a20","24","12","24","0","0","0","0","0","-","-","-","0","0","0","0","0","-","0","0","0","0","0","0","0","6","0","13","0","0","0","0","0","0","0","0","0","2","0","0","0","3","0","2","0","8","0","0","0","0","0","0","0","0","0","0","0","0","0","2"
"0x733ee1312a30","      NOP","0","0","0","0","0","0","0","0","-","-","-","0","0","0","0","0","-","0","0","0","0","0","0","0","0","0","0","0","0","0","0","0","0","0","0","0","0","0","0","0","0","0","0","0","0","0","0","0","0","0","0","0","0","0","0","0","0","0","0"
"0x733ee1312a40","      NOP","0","0","0","0","0","0","0","0","-","-","-","0","0","0","0","0","-","0","0","0","0","0","0","0","0","0","0","0","0","0","0","0","0","0","0","0","0","0","0","0","0","0","0","0","0","0","0","0","0","0","0","0","0","0","0","0","0","0","0"
"0x733ee1312a50","      NOP","0","0","0","0","0","0","0","0","-","-","-","0","0","0","0","0","-","0","0","0","0","0","0","0","0","0","0","0","0","0","0","0","0","0","0","0","0","0","0","0","0","0","0","0","0","0","0","0","0","0","0","0","0","0","0","0","0","0","0"
"0x733ee1312a60","      NOP","0","0","0","0","0","0","0","0","-","-","-","0","0","0","0","0","-","0","0","0","0","0","0","0","0","0","0","0","0","0","0","0","0","0","0","0","0","0","0","0","0","0","0","0","0","0","0","0","0","0","0","0","0","0","0","0","0","0","0"
"0x733ee1312a70","      NOP","0","0","0","0","0","0","0","0","-","-","-","0","0","0","0","0","-","0","0","0","0","0","0","0","0","0","0","0","0","0","0","0","0","0","0","0","0","0","0","0","0","0","0","0","0","0","0","0","0","0","0","0","0","0","0","0","0","0","0"
"0x733ee1312a80","      NOP","0","0","0","0","0","0","0","0","-","-","-","0","0","0","0","0","-","0","0","0","0","0","0","0","0","0","0","0","0","0","0","0","0","0","0","0","0","0","0","0","0","0","0","0","0","0","0","0","0","0","0","0","0","0","0","0","0","0","0"
"0x733ee1312a90","      NOP","0","0","0","0","0","0","0","0","-","-","-","0","0","0","0","0","-","0","0","0","0","0","0","0","0","0","0","0","0","0","0","0","0","0","0","0","0","0","0","0","0","0","0","0","0","0","0","0","0","0","0","0","0","0","0","0","0","0","0"
"0x733ee1312aa0","      NOP","0","0","0","0","0","0","0","0","-","-","-","0","0","0","0","0","-","0","0","0","0","0","0","0","0","0","0","0","0","0","0","0","0","0","0","0","0","0","0","0","0","0","0","0","0","0","0","0","0","0","0","0","0","0","0","0","0","0","0"
"0x733ee1312ab0","      NOP","0","0","0","0","0","0","0","0","-","-","-","0","0","0","0","0","-","0","0","0","0","0","0","0","0","0","0","0","0","0","0","0","0","0","0","0","0","0","0","0","0","0","0","0","0","0","0","0","0","0","0","0","0","0","0","0","0","0","0"
"0x733ee1312ac0","      NOP","0","0","0","0","0","0","0","0","-","-","-","0","0","0","0","0","-","0","0","0","0","0","0","0","0","0","0","0","0","0","0","0","0","0","0","0","0","0","0","0","0","0","0","0","0","0","0","0","0","0","0","0","0","0","0","0","0","0","0"
"0x733ee1312ad0","      NOP","0","0","0","0","0","0","0","0","-","-","-","0","0","0","0","0","-","0","0","0","0","0","0","0","0","0","0","0","0","0","0","0","0","0","0","0","0","0","0","0","0","0","0","0","0","0","0","0","0","0","0","0","0","0","0","0","0","0","0"
"0x733ee1312ae0","      NOP","0","0","0","0","0","0","0","0","-","-","-","0","0","0","0","0","-","0","0","0","0","0","0","0","0","0","0","0","0","0","0","0","0","0","0","0","0","0","0","0","0","0","0","0","0","0","0","0","0","0","0","0","0","0","0","0","0","0","0"
"0x733ee1312af0","      NOP","0","0","0","0","0","0","0","0","-","-","-","0","0","0","0","0","-","0","0","0","0","0","0","0","0","0","0","0","0","0","0","0","0","0","0","0","0","0","0","0","0","0","0","0","0","0","0","0","0","0","0","0","0","0","0","0","0","0","0"
