"Kernel Name","void <unnamed>::adangel_sm80_integer_fixed_conversion<(adangel_sm80_experiment::GroupedSourceKind)3, (bool)1>(const unsigned char *, const unsigned char *, const float *, const unsigned char *, const unsigned char *, unsigned char *, float *, int, int, int)",
"Address","Source","Warp Stall Sampling (All Samples)","Warp Stall Sampling (Not-issued Samples)","# Samples","Instructions Executed","Thread Instructions Executed","Predicated-On Thread Instructions Executed","Avg. Threads Executed","Avg. Predicated-On Threads Executed","Divergent Branches","Address Space","Access Operation","Access Size","L1 Tag Requests Global","L1 Conflicts Shared N-Way","L2 Theoretical Sectors Global Excessive","L2 Theoretical Sectors Global","L2 Theoretical Sectors Global Ideal","L2 Explicit Evict Policies","L2 Explicit Hit Policy Evict First","L2 Explicit Hit Policy Evict Last","L2 Explicit Hit Policy Evict Normal","L2 Explicit Hit Policy Evict Normal Demote","L2 Explicit Miss Policy Evict First","L2 Explicit Miss Policy Evict Normal","stall_barrier","stall_branch_resolving","stall_dispatch","stall_drain","stall_imc","stall_lg","stall_long_sb","stall_math","stall_membar","stall_mio","stall_misc","stall_no_inst","stall_not_selected","stall_selected","stall_short_sb","stall_sleep","stall_tex","stall_wait","stall_barrier (Not Issued)","stall_branch_resolving (Not Issued)","stall_dispatch (Not Issued)","stall_drain (Not Issued)","stall_imc (Not Issued)","stall_lg (Not Issued)","stall_long_sb (Not Issued)","stall_math (Not Issued)","stall_membar (Not Issued)","stall_mio (Not Issued)","stall_misc (Not Issued)","stall_no_inst (Not Issued)","stall_not_selected (Not Issued)","stall_selected (Not Issued)","stall_short_sb (Not Issued)","stall_sleeping (Not Issued)","stall_tex (Not Issued)","stall_wait (Not Issued)"
"0x78573d31f500","      IMAD.MOV.U32 R1, RZ, RZ, c[0x0][0x28]","31","5","31","262144","8388608","8388608","32","32","0","-","-","-","0","0","0","0","0","-","0","0","0","0","0","0","0","0","0","0","0","0","0","3","0","0","0","17","11","0","0","0","0","0","0","0","0","0","0","0","0","0","0","0","0","5","0","0","0","0","0","0"
"0x78573d31f510","      S2R R4, SR_TID.X","9","0","9","262144","8388608","8388608","32","32","0","-","-","-","0","0","0","0","0","-","0","0","0","0","0","0","0","0","0","0","0","0","0","0","0","0","0","0","4","3","0","0","0","2","0","0","0","0","0","0","0","0","0","0","0","0","0","0","0","0","0","0"
"0x78573d31f520","      S2R R3, SR_CTAID.X","7","1","7","262144","8388608","8388608","32","32","0","-","-","-","0","0","0","0","0","-","0","0","0","0","0","0","0","0","0","0","0","0","0","0","0","0","0","0","0","3","0","0","0","4","0","0","0","0","0","0","0","0","0","0","0","0","0","0","0","0","0","1"
"0x78573d31f530","      SHF.R.S32.HI R0, RZ, 0x1f, R4","397","100","397","262144","8388608","8388608","32","32","0","-","-","-","0","0","0","0","0","-","0","0","0","0","0","0","0","0","3","0","0","0","0","147","0","0","0","0","195","0","52","0","0","0","0","0","0","0","0","0","0","74","0","0","0","0","0","0","26","0","0","0"
"0x78573d31f540","      LEA.HI R0, R0, R4, RZ, 0x6","49","11","49","262144","8388608","8388608","32","32","0","-","-","-","0","0","0","0","0","-","0","0","0","0","0","0","0","0","1","0","0","0","0","17","0","0","0","0","20","3","0","0","0","8","0","0","0","0","0","0","0","9","0","0","0","0","0","0","0","0","0","2"
"0x78573d31f550","      SHF.R.S32.HI R2, RZ, 0x6, R0","56","14","56","262144","8388608","8388608","32","32","0","-","-","-","0","0","0","0","0","-","0","0","0","0","0","0","0","0","0","0","0","0","0","16","0","0","0","0","22","5","0","0","0","13","0","0","0","0","0","0","0","8","0","0","0","0","0","0","0","0","0","6"
"0x78573d31f560","      IMAD R2, R3, 0x4, R2","22","4","22","262144","8388608","8388608","32","32","0","-","-","-","0","0","0","0","0","-","0","0","0","0","0","0","0","0","0","0","0","0","0","2","0","0","0","0","5","4","0","0","0","11","0","0","0","0","0","0","0","0","0","0","0","0","0","0","0","0","0","4"
"0x78573d31f570","      ISETP.GE.AND P0, PT, R2, c[0x0][0x198], PT","65","24","65","262144","8388608","8388608","32","32","0","-","-","-","0","0","0","0","0","-","0","0","0","0","0","0","0","0","0","0","16","0","0","12","0","0","0","0","21","2","0","0","0","14","0","0","0","0","14","0","0","4","0","0","0","0","0","0","0","0","0","6"
"0x78573d31f580","@P0   EXIT","41","10","41","262144","8388608","0","32","0","0","-","-","-","0","0","0","0","0","-","0","0","0","0","0","0","0","0","1","0","0","0","0","0","0","0","0","0","4","5","0","0","0","31","0","0","0","0","0","0","0","0","0","0","0","0","0","0","0","0","0","10"
"0x78573d31f590","      S2R R11, SR_CTAID.Y","13","2","13","262144","8388608","8388608","32","32","0","-","-","-","0","0","0","0","0","-","0","0","0","0","0","0","0","0","0","0","0","0","0","0","0","0","0","0","2","4","0","0","0","7","0","0","0","0","0","0","0","0","0","0","0","0","0","0","0","0","0","2"
"0x78573d31f5a0","      LOP3.LUT R3, R0, 0xffffffc0, RZ, 0xc0, !PT","3","0","3","262144","8388608","8388608","32","32","0","-","-","-","0","0","0","0","0","-","0","0","0","0","0","0","0","0","1","0","0","0","0","0","0","0","0","0","0","2","0","0","0","0","0","0","0","0","0","0","0","0","0","0","0","0","0","0","0","0","0","0"
"0x78573d31f5b0","      ULDC.64 UR4, c[0x0][0x118]","3","0","3","262144","8388608","8388608","32","32","0","-","-","-","0","0","0","0","0","-","0","0","0","0","0","0","0","0","0","0","0","0","0","0","0","0","0","0","0","3","0","0","0","0","0","0","0","0","0","0","0","0","0","0","0","0","0","0","0","0","0","0"
"0x78573d31f5c0","      IMAD.IADD R3, R4, 0x1, -R3","17","3","17","262144","8388608","8388608","32","32","0","-","-","-","0","0","0","0","0","-","0","0","0","0","0","0","0","0","0","0","0","0","0","4","0","0","0","0","3","2","0","0","0","8","0","0","0","0","0","0","0","1","0","0","0","0","0","0","0","0","0","2"
"0x78573d31f5d0","      IMAD R0, R2, c[0x0][0x19c], R11","57","17","57","262144","8388608","8388608","32","32","0","-","-","-","0","0","0","0","0","-","0","0","0","0","0","0","0","0","0","0","0","0","0","3","0","0","0","0","2","3","46","0","0","3","0","0","0","0","0","0","0","1","0","0","0","0","0","0","15","0","0","1"
"0x78573d31f5e0","      IMAD R0, R0, 0x40, R3","17","4","17","262144","8388608","8388608","32","32","0","-","-","-","0","0","0","0","0","-","0","0","0","0","0","0","0","0","1","0","0","0","0","4","0","0","0","0","3","4","0","0","0","5","0","0","0","0","0","0","0","1","0","0","0","0","0","0","0","0","0","3"
"0x78573d31f5f0","      IMAD.SHL.U32 R5, R0, 0x2, RZ","17","3","17","262144","8388608","8388608","32","32","0","-","-","-","0","0","0","0","0","-","0","0","0","0","0","0","0","0","1","0","0","0","0","2","0","0","0","0","4","1","0","0","0","9","0","0","0","0","0","0","0","0","0","0","0","0","0","0","0","0","0","3"
"0x78573d31f600","      IADD3 R4, P0, R5, c[0x0][0x160], RZ","88","20","88","262144","8388608","8388608","32","32","0","-","-","-","0","0","0","0","0","-","0","0","0","0","0","0","0","0","1","0","12","0","0","27","0","0","0","2","27","3","0","0","0","16","0","0","0","0","2","0","0","13","0","0","0","1","0","0","0","0","0","4"
"0x78573d31f610","      LEA.HI.X.SX32 R5, R5, c[0x0][0x164], 0x1, P0","41","10","41","262144","8388608","8388608","32","32","0","-","-","-","0","0","0","0","0","-","0","0","0","0","0","0","0","0","1","0","0","0","0","11","0","0","0","0","11","5","0","0","0","13","0","0","0","0","0","0","0","5","0","0","0","0","0","0","0","0","0","5"
"0x78573d31f620","      LDG.E.U8 R12, [R4.64]","14","3","14","262144","8388608","8388608","32","32","0","Global","Load","8","262144","0","262144","524288","262144","","0","0","0","0","0","0","0","0","0","0","0","0","0","0","0","0","0","0","2","2","0","0","0","10","0","0","0","0","0","0","0","0","0","0","0","0","0","0","0","0","0","3"
"0x78573d31f630","      LDG.E.U8 R10, [R4.64+0x1]","9","3","9","262144","8388608","8388608","32","32","0","Global","Load","8","262144","0","262144","524288","262144","","0","0","0","0","0","0","0","0","0","0","0","0","0","0","0","0","0","0","0","4","0","0","0","5","0","0","0","0","0","0","0","0","0","0","0","0","0","0","0","0","0","3"
"0x78573d31f640","      BSSY B0, 0x78573d31f870","2","0","2","262144","8388608","8388608","32","32","0","-","-","-","0","0","0","0","0","-","0","0","0","0","0","0","0","0","0","0","0","0","0","0","0","0","0","0","0","2","0","0","0","0","0","0","0","0","0","0","0","0","0","0","0","0","0","0","0","0","0","0"
"0x78573d31f650","      IMAD R2, R11, c[0x0][0x198], R2","4","0","4","262144","8388608","8388608","32","32","0","-","-","-","0","0","0","0","0","-","0","0","0","0","0","0","0","0","0","0","0","0","0","0","0","0","0","0","0","4","0","0","0","0","0","0","0","0","0","0","0","0","0","0","0","0","0","0","0","0","0","0"
"0x78573d31f660","      LOP3.LUT R6, R12, 0x18, RZ, 0xc0, !PT","2156","1109","2156","262144","8388608","8388608","32","32","0","-","-","-","0","0","0","0","0","-","0","0","0","0","0","0","0","0","1","0","0","0","1929","106","0","0","0","0","117","3","0","0","0","0","0","0","0","0","0","0","1049","60","0","0","0","0","0","0","0","0","0","0"
"0x78573d31f670","      LOP3.LUT R7, R12, 0x7, RZ, 0xc0, !PT","4","2","4","262144","8388608","8388608","32","32","0","-","-","-","0","0","0","0","0","-","0","0","0","0","0","0","0","0","0","0","0","0","0","0","0","0","0","0","0","2","0","0","0","2","0","0","0","0","0","0","0","0","0","0","0","0","0","0","0","0","0","2"
"0x78573d31f680","      ISETP.GT.U32.AND P0, PT, R6, 0x8, PT","4","1","4","262144","8388608","8388608","32","32","0","-","-","-","0","0","0","0","0","-","0","0","0","0","0","0","0","0","0","0","0","0","0","0","0","0","0","0","1","2","0","0","0","1","0","0","0","0","0","0","0","0","0","0","0","0","0","0","0","0","0","1"
"0x78573d31f690","      LOP3.LUT R8, R7, 0x8, RZ, 0xfc, !PT","46","12","46","262144","8388608","8388608","32","32","0","-","-","-","0","0","0","0","0","-","0","0","0","0","0","0","0","0","1","0","0","0","0","19","0","0","0","0","21","3","0","0","0","2","0","0","0","0","0","0","0","11","0","0","0","0","0","0","0","0","0","1"
"0x78573d31f6a0","      LOP3.LUT R4, R10, 0x18, RZ, 0xc0, !PT","12","5","12","262144","8388608","8388608","32","32","0","-","-","-","0","0","0","0","0","-","0","0","0","0","0","0","0","0","0","0","0","0","4","1","0","0","0","0","1","1","0","0","0","5","0","0","0","0","0","0","2","0","0","0","0","0","0","0","0","0","0","3"
"0x78573d31f6b0","      LOP3.LUT R5, R10, 0x7, RZ, 0xc0, !PT","4","2","4","262144","8388608","8388608","32","32","0","-","-","-","0","0","0","0","0","-","0","0","0","0","0","0","0","0","0","0","0","0","0","2","0","0","0","0","0","1","0","0","0","1","0","0","0","0","0","0","0","1","0","0","0","0","0","0","0","0","0","1"
"0x78573d31f6c0","@!P0  ISETP.NE.AND P1, PT, R6, RZ, PT","64","15","64","262144","8388608","7973933","32","30","0","-","-","-","0","0","0","0","0","-","0","0","0","0","0","0","0","0","0","0","0","0","0","17","0","0","0","0","27","3","0","0","0","17","0","0","0","0","0","0","0","10","0","0","0","0","0","0","0","0","0","5"
"0x78573d31f6d0","@P0   LEA.HI R6, R6, 0xfffffffe, RZ, 0x1d","5","1","5","262144","8388608","414675","32","1","0","-","-","-","0","0","0","0","0","-","0","0","0","0","0","0","0","0","0","0","0","0","0","0","0","0","0","0","2","2","0","0","0","1","0","0","0","0","0","0","0","0","0","0","0","0","0","0","0","0","0","1"
"0x78573d31f6e0","@!P0  SEL R7, R7, R8, !P1","5","1","5","262144","8388608","7973933","32","30","0","-","-","-","0","0","0","0","0","-","0","0","0","0","0","0","0","0","0","0","0","0","0","0","0","0","0","0","1","3","0","0","0","1","0","0","0","0","0","0","0","0","0","0","0","0","0","0","0","0","0","1"
"0x78573d31f6f0","      LOP3.LUT P1, RZ, R12, 0x20, RZ, 0xc0, !PT","3","0","3","262144","8388608","8388608","32","32","0","-","-","-","0","0","0","0","0","-","0","0","0","0","0","0","0","0","0","0","0","0","0","0","0","0","0","0","1","2","0","0","0","0","0","0","0","0","0","0","0","0","0","0","0","0","0","0","0","0","0","0"
"0x78573d31f700","@!P0  LOP3.LUT R9, R7, 0x3, RZ, 0xc0, !PT","7","3","7","262144","8388608","7973933","32","30","0","-","-","-","0","0","0","0","0","-","0","0","0","0","0","0","0","0","0","0","0","0","0","0","0","0","0","0","1","3","0","0","0","3","0","0","0","0","0","0","0","0","0","0","0","0","0","0","0","0","0","3"
"0x78573d31f710","@!P0  SHF.R.U32.HI R7, RZ, 0x1, R7","2","1","2","262144","8388608","7973933","32","30","0","-","-","-","0","0","0","0","0","-","0","0","0","0","0","0","0","0","0","0","0","0","0","0","0","0","0","0","0","1","0","0","0","1","0","0","0","0","0","0","0","0","0","0","0","0","0","0","0","0","0","1"
"0x78573d31f720","      ISETP.NE.AND P2, PT, R9, 0x3, !P0","44","13","44","262144","8388608","8388608","32","32","0","-","-","-","0","0","0","0","0","-","0","0","0","0","0","0","0","0","0","0","0","0","0","20","0","0","0","0","22","1","0","0","0","1","0","0","0","0","0","0","0","12","0","0","0","0","0","0","0","0","0","1"
"0x78573d31f730","@!P0  IADD3 R9, R7, 0x1, RZ","2","1","2","262144","8388608","7973933","32","30","0","-","-","-","0","0","0","0","0","-","0","0","0","0","0","0","0","0","0","0","0","0","0","0","0","0","0","0","0","0","0","0","0","2","0","0","0","0","0","0","0","0","0","0","0","0","0","0","0","0","0","1"
"0x78573d31f740","@P2   IMAD.MOV R9, RZ, RZ, R7","33","8","33","262144","8388608","7054111","32","26","0","-","-","-","0","0","0","0","0","-","0","0","0","0","0","0","0","0","0","0","0","0","0","1","0","0","0","0","4","2","0","0","0","26","0","0","0","0","0","0","0","0","0","0","0","0","0","0","0","0","0","8"
"0x78573d31f750","      ISETP.GT.U32.AND P2, PT, R4, 0x8, PT","4","0","4","262144","8388608","8388608","32","32","0","-","-","-","0","0","0","0","0","-","0","0","0","0","0","0","0","0","0","0","0","0","0","0","0","0","0","0","0","4","0","0","0","0","0","0","0","0","0","0","0","0","0","0","0","0","0","0","0","0","0","0"
"0x78573d31f760","@!P0  IMAD.MOV.U32 R7, RZ, RZ, R9","20","3","20","262144","8388608","7973933","32","30","0","-","-","-","0","0","0","0","0","-","0","0","0","0","0","0","0","0","1","0","0","0","0","1","0","0","0","0","2","10","0","0","0","6","0","0","0","0","0","0","0","0","0","0","0","0","0","0","0","0","0","3"
"0x78573d31f770","@P0   SHF.L.U32 R7, R8, R6, RZ","4","0","4","262144","8388608","414675","32","1","0","-","-","-","0","0","0","0","0","-","0","0","0","0","0","0","0","0","0","0","0","0","0","0","0","0","0","0","0","4","0","0","0","0","0","0","0","0","0","0","0","0","0","0","0","0","0","0","0","0","0","0"
"0x78573d31f780","@P1   IMAD.MOV R7, RZ, RZ, -R7","11","0","11","262144","8388608","4197828","32","16","0","-","-","-","0","0","0","0","0","-","0","0","0","0","0","0","0","0","0","0","0","0","0","0","0","0","0","0","2","2","0","0","0","7","0","0","0","0","0","0","0","0","0","0","0","0","0","0","0","0","0","0"
"0x78573d31f790","@P2   BRA 0x78573d31f830","15","0","15","262144","8388608","361866","32","1","143836","-","-","-","0","0","0","0","0","-","0","0","0","0","0","0","0","0","0","0","0","0","0","0","0","0","0","0","7","1","0","0","0","7","0","0","0","0","0","0","0","0","0","0","0","0","0","0","0","0","0","0"
"0x78573d31f7a0","      ISETP.NE.AND P0, PT, R4, RZ, PT","28","12","28","262144","8026742","8026742","30","30","0","-","-","-","0","0","0","0","0","-","0","0","0","0","0","0","0","2","0","0","0","0","0","5","0","0","0","3","3","3","0","0","0","12","0","0","0","0","0","0","0","5","0","0","0","0","0","0","0","0","0","7"
"0x78573d31f7b0","      LOP3.LUT R4, R5, 0x8, RZ, 0xfc, !PT","12","4","12","262144","8026742","8026742","30","30","0","-","-","-","0","0","0","0","0","-","0","0","0","0","0","0","0","0","0","0","0","0","0","0","0","0","0","0","1","6","0","0","0","5","0","0","0","0","0","0","0","0","0","0","0","0","0","0","0","0","0","4"
"0x78573d31f7c0","      SEL R4, R5, R4, !P0","30","9","30","262144","8026742","8026742","30","30","0","-","-","-","0","0","0","0","0","-","0","0","0","0","0","0","0","0","1","0","0","0","0","7","0","0","0","0","10","1","0","0","0","11","0","0","0","0","0","0","0","3","0","0","0","0","0","0","0","0","0","6"
"0x78573d31f7d0","      LOP3.LUT R5, R4, 0x3, RZ, 0xc0, !PT","21","12","21","262144","8026742","8026742","30","30","0","-","-","-","0","0","0","0","0","-","0","0","0","0","0","0","0","0","0","0","0","0","0","5","0","0","0","0","2","2","0","0","0","12","0","0","0","0","0","0","0","2","0","0","0","0","0","0","0","0","0","10"
"0x78573d31f7e0","      ISETP.NE.AND P0, PT, R5, 0x3, PT","20","5","20","262144","8026742","8026742","30","30","0","-","-","-","0","0","0","0","0","-","0","0","0","0","0","0","0","0","0","0","0","0","0","5","0","0","0","0","4","2","0","0","0","9","0","0","0","0","0","0","0","1","0","0","0","0","0","0","0","0","0","4"
"0x78573d31f7f0","      SHF.R.U32.HI R5, RZ, 0x1, R4","9","3","9","262144","8026742","8026742","30","30","0","-","-","-","0","0","0","0","0","-","0","0","0","0","0","0","0","0","1","0","0","0","0","0","0","0","0","0","0","5","0","0","0","3","0","0","0","0","0","0","0","0","0","0","0","0","0","0","0","0","0","3"
"0x78573d31f800","      IADD3 R4, R5, 0x1, RZ","27","10","27","262144","8026742","8026742","30","30","0","-","-","-","0","0","0","0","0","-","0","0","0","0","0","0","0","0","0","0","0","0","0","12","0","0","0","0","9","1","0","0","0","5","0","0","0","0","0","0","0","6","0","0","0","0","0","0","0","0","0","4"
"0x78573d31f810","@P0   IMAD.MOV R4, RZ, RZ, R5","24","5","24","262144","8026742","7111287","30","27","0","-","-","-","0","0","0","0","0","-","0","0","0","0","0","0","0","0","1","0","0","0","0","3","0","0","0","0","1","1","0","0","0","18","0","0","0","0","0","0","0","0","0","0","0","0","0","0","0","0","0","5"
"0x78573d31f820","      BRA 0x78573d31f860","1","0","1","262144","8026742","8026742","30","30","0","-","-","-","0","0","0","0","0","-","0","0","0","0","0","0","0","0","0","0","0","0","0","0","0","0","0","0","0","1","0","0","0","0","0","0","0","0","0","0","0","0","0","0","0","0","0","0","0","0","0","0"
"0x78573d31f830","      LEA.HI R4, R4, 0xfffffffe, RZ, 0x1d","29","11","29","143836","361866","361866","2","2","0","-","-","-","0","0","0","0","0","-","0","0","0","0","0","0","0","8","0","0","0","0","0","4","0","0","0","1","1","3","0","0","0","12","0","4","0","0","0","0","0","1","0","0","0","0","0","0","0","0","0","6"
"0x78573d31f840","      LOP3.LUT R5, R5, 0x8, RZ, 0xfc, !PT","3","2","3","143836","361866","361866","2","2","0","-","-","-","0","0","0","0","0","-","0","0","0","0","0","0","0","0","0","0","0","0","0","0","0","0","0","0","0","1","0","0","0","2","0","0","0","0","0","0","0","0","0","0","0","0","0","0","0","0","0","2"
"0x78573d31f850","      SHF.L.U32 R4, R5, R4, RZ","19","6","19","143836","361866","361866","2","2","0","-","-","-","0","0","0","0","0","-","0","0","0","0","0","0","0","0","0","0","0","0","0","8","0","0","0","0","2","2","0","0","0","7","0","0","0","0","0","0","0","4","0","0","0","0","0","0","0","0","0","2"
"0x78573d31f860","      BSYNC B0","17","7","17","405980","8388608","8388608","20","20","0","-","-","-","0","0","0","0","0","-","0","0","0","0","0","0","0","6","0","0","0","0","0","0","0","0","0","8","1","0","0","0","0","2","0","2","0","0","0","0","0","0","0","0","0","3","0","0","0","0","0","2"
"0x78573d31f870","      LOP3.LUT P0, RZ, R10, 0x20, RZ, 0xc0, !PT","62","21","62","262144","8388608","8388608","32","32","0","-","-","-","0","0","0","0","0","-","0","0","0","0","0","0","0","29","0","0","0","0","0","6","0","0","0","0","1","3","0","0","0","23","0","9","0","0","0","0","0","4","0","0","0","0","0","0","0","0","0","8"
"0x78573d31f880","      IMAD R5, R2, 0x40, R3","0","0","0","262144","8388608","8388608","32","32","0","-","-","-","0","0","0","0","0","-","0","0","0","0","0","0","0","0","0","0","0","0","0","0","0","0","0","0","0","0","0","0","0","0","0","0","0","0","0","0","0","0","0","0","0","0","0","0","0","0","0","0"
"0x78573d31f890","      LOP3.LUT R8, R7, 0xf0, RZ, 0xc0, !PT","1","0","1","262144","8388608","8388608","32","32","0","-","-","-","0","0","0","0","0","-","0","0","0","0","0","0","0","0","0","0","0","0","0","0","0","0","0","0","0","1","0","0","0","0","0","0","0","0","0","0","0","0","0","0","0","0","0","0","0","0","0","0"
"0x78573d31f8a0","      IMAD.MOV.U32 R9, RZ, RZ, R4","1","0","1","262144","8388608","8388608","32","32","0","-","-","-","0","0","0","0","0","-","0","0","0","0","0","0","0","0","0","0","0","0","0","0","0","0","0","0","0","1","0","0","0","0","0","0","0","0","0","0","0","0","0","0","0","0","0","0","0","0","0","0"
"0x78573d31f8b0","      IMAD.MOV.U32 R11, RZ, RZ, c[0x0][0x1a0]","11","0","11","262144","8388608","8388608","32","32","0","-","-","-","0","0","0","0","0","-","0","0","0","0","0","0","0","0","0","0","0","0","0","3","0","0","0","0","0","6","0","0","0","2","0","0","0","0","0","0","0","0","0","0","0","0","0","0","0","0","0","0"
"0x78573d31f8c0","      IADD3 R4, P1, R5, c[0x0][0x188], RZ","3","0","3","262144","8388608","8388608","32","32","0","-","-","-","0","0","0","0","0","-","0","0","0","0","0","0","0","0","0","0","0","0","0","0","0","0","0","0","0","3","0","0","0","0","0","0","0","0","0","0","0","0","0","0","0","0","0","0","0","0","0","0"
"0x78573d31f8d0","      LEA.HI.X.SX32 R5, R5, c[0x0][0x18c], 0x1, P1","35","11","35","262144","8388608","8388608","32","32","0","-","-","-","0","0","0","0","0","-","0","0","0","0","0","0","0","0","0","0","0","0","0","12","0","0","0","0","9","2","0","0","0","12","0","0","0","0","0","0","0","5","0","0","0","0","0","0","0","0","0","6"
"0x78573d31f8e0","      IADD3 R6, P1, R4, c[0x0][0x1a0], RZ","5","1","5","262144","8388608","8388608","32","32","0","-","-","-","0","0","0","0","0","-","0","0","0","0","0","0","0","0","0","0","0","0","0","0","0","0","0","0","1","2","0","0","0","2","0","0","0","0","0","0","0","0","0","0","0","0","0","0","0","0","0","1"
"0x78573d31f8f0","@P0   IMAD.MOV R9, RZ, RZ, -R9","2","0","2","262144","8388608","4204763","32","16","0","-","-","-","0","0","0","0","0","-","0","0","0","0","0","0","0","0","0","0","0","0","0","0","0","0","0","0","0","2","0","0","0","0","0","0","0","0","0","0","0","0","0","0","0","0","0","0","0","0","0","0"
"0x78573d31f900","      ISETP.NE.AND P0, PT, R3, RZ, PT","1","0","1","262144","8388608","8388608","32","32","0","-","-","-","0","0","0","0","0","-","0","0","0","0","0","0","0","0","0","0","0","0","0","0","0","0","0","0","0","1","0","0","0","0","0","0","0","0","0","0","0","0","0","0","0","0","0","0","0","0","0","0"
"0x78573d31f910","      IMAD.SHL.U32 R10, R9, 0x10, RZ","20","0","20","262144","8388608","8388608","32","32","0","-","-","-","0","0","0","0","0","-","0","0","0","0","0","0","0","0","0","0","0","0","0","5","0","0","0","0","2","7","0","0","0","6","0","0","0","0","0","0","0","0","0","0","0","0","0","0","0","0","0","0"
"0x78573d31f920","      LOP3.LUT R9, R9, 0xf0, RZ, 0xc0, !PT","4","0","4","262144","8388608","8388608","32","32","0","-","-","-","0","0","0","0","0","-","0","0","0","0","0","0","0","0","0","0","0","0","0","0","0","0","0","0","0","4","0","0","0","0","0","0","0","0","0","0","0","0","0","0","0","0","0","0","0","0","0","0"
"0x78573d31f930","      LOP3.LUT R3, R10, 0xfffffff0, R7, 0xe2, !PT","29","7","29","262144","8388608","8388608","32","32","0","-","-","-","0","0","0","0","0","-","0","0","0","0","0","0","0","0","0","0","0","0","0","8","0","0","0","0","5","5","0","0","0","11","0","0","0","0","0","0","0","3","0","0","0","0","0","0","0","0","0","4"
"0x78573d31f940","      LEA.HI.X.SX32 R7, R11, R5, 0x1, P1","8","6","8","262144","8388608","8388608","32","32","0","-","-","-","0","0","0","0","0","-","0","0","0","0","0","0","0","0","0","0","0","0","0","0","0","0","0","0","1","1","0","0","0","6","0","0","0","0","0","0","0","0","0","0","0","0","0","0","0","0","0","6"
"0x78573d31f950","      LEA.HI R9, R8, R9, RZ, 0x1c","8","5","8","262144","8388608","8388608","32","32","0","-","-","-","0","0","0","0","0","-","0","0","0","0","0","0","0","0","0","0","0","0","0","0","0","0","0","0","0","2","0","0","0","6","0","0","0","0","0","0","0","0","0","0","0","0","0","0","0","0","0","5"
"0x78573d31f960","      STG.E.U8 [R4.64], R3","2","0","2","262144","8388608","8388608","32","32","0","Global","Store","8","262144","0","0","262144","262144","","0","0","0","0","0","0","0","0","0","0","0","0","0","0","0","0","0","0","0","2","0","0","0","0","0","0","0","0","0","0","0","0","0","0","0","0","0","0","0","0","0","0"
"0x78573d31f970","      STG.E.U8 [R6.64], R9","10","0","10","262144","8388608","8388608","32","32","0","Global","Store","8","262144","0","0","262144","262144","","0","0","0","0","0","0","0","0","0","0","0","0","0","0","0","0","0","0","2","4","0","0","0","4","0","0","0","0","0","0","0","0","0","0","0","0","0","0","0","0","0","0"
"0x78573d31f980","@P0   EXIT","4","0","4","262144","8388608","8257536","32","31","0","-","-","-","0","0","0","0","0","-","0","0","0","0","0","0","0","0","0","0","0","0","0","0","0","0","0","0","0","4","0","0","0","0","0","0","0","0","0","0","0","0","0","0","0","0","0","0","0","0","0","0"
"0x78573d31f990","      SHF.R.S32.HI R3, RZ, 0x1f, R0","88","34","88","131072","131072","131072","1","1","0","-","-","-","0","0","0","0","0","-","0","0","0","0","0","0","0","25","0","35","0","0","4","6","0","0","0","0","4","2","0","0","0","12","0","11","0","14","0","0","2","1","0","0","0","0","0","0","0","0","0","6"
"0x78573d31f9a0","      LEA.HI R3, R3, R0, RZ, 0x6","9","4","9","131072","131072","131072","1","1","0","-","-","-","0","0","0","0","0","-","0","0","0","0","0","0","0","0","0","0","0","0","0","3","0","0","0","0","2","0","0","0","0","4","0","0","0","0","0","0","0","3","0","0","0","0","0","0","0","0","0","1"
"0x78573d31f9b0","      SHF.R.S32.HI R3, RZ, 0x6, R3","7","2","7","131072","131072","131072","1","1","0","-","-","-","0","0","0","0","0","-","0","0","0","0","0","0","0","0","0","0","0","0","0","0","0","0","0","0","3","1","0","0","0","3","0","0","0","0","0","0","0","0","0","0","0","0","0","0","0","0","0","2"
"0x78573d31f9c0","      IADD3 R6, P0, R3, c[0x0][0x168], RZ","11","3","11","131072","131072","131072","1","1","0","-","-","-","0","0","0","0","0","-","0","0","0","0","0","0","0","0","0","0","0","0","0","1","0","0","0","0","2","4","0","0","0","4","0","0","0","0","0","0","0","0","0","0","0","0","0","0","0","0","0","3"
"0x78573d31f9d0","      LEA.HI.X.SX32 R7, R3, c[0x0][0x16c], 0x1, P0","12","5","12","131072","131072","131072","1","1","0","-","-","-","0","0","0","0","0","-","0","0","0","0","0","0","0","0","0","0","0","0","0","3","0","0","0","0","3","1","0","0","0","5","0","0","0","0","0","0","0","2","0","0","0","0","0","0","0","0","0","3"
"0x78573d31f9e0","      LDG.E.U8 R6, [R6.64]","6","0","6","131072","131072","131072","1","1","0","Global","Load","8","131072","0","0","131072","131072","","0","0","0","0","0","0","0","0","0","0","0","0","0","0","0","0","0","0","1","0","0","0","0","5","0","0","0","0","0","0","0","0","0","0","0","0","0","0","0","0","0","0"
"0x78573d31f9f0","      IMAD.MOV.U32 R4, RZ, RZ, c[0x0][0x170]","0","0","0","131072","131072","131072","1","1","0","-","-","-","0","0","0","0","0","-","0","0","0","0","0","0","0","0","0","0","0","0","0","0","0","0","0","0","0","0","0","0","0","0","0","0","0","0","0","0","0","0","0","0","0","0","0","0","0","0","0","0"
"0x78573d31fa00","      IMAD.MOV.U32 R5, RZ, RZ, c[0x0][0x174]","1","0","1","131072","131072","131072","1","1","0","-","-","-","0","0","0","0","0","-","0","0","0","0","0","0","0","0","0","0","0","0","0","0","0","0","0","0","0","1","0","0","0","0","0","0","0","0","0","0","0","0","0","0","0","0","0","0","0","0","0","0"
"0x78573d31fa10","      LDG.E R10, [R4.64]","6","1","6","131072","131072","131072","1","1","0","Global","Load","32","131072","0","0","131072","131072","","0","0","0","0","0","0","0","0","0","0","0","0","0","0","0","0","0","0","1","1","0","0","0","4","0","0","0","0","0","0","0","0","0","0","0","0","0","0","0","0","0","1"
"0x78573d31fa20","      IMAD.MOV.U32 R5, RZ, RZ, 0x4","22","6","22","131072","131072","131072","1","1","0","-","-","-","0","0","0","0","0","-","0","0","0","0","0","0","0","0","0","0","0","0","15","2","0","0","0","0","0","2","0","0","0","3","0","0","0","0","0","0","6","0","0","0","0","0","0","0","0","0","0","0"
"0x78573d31fa30","      LOP3.LUT P0, RZ, R6, 0x78, RZ, 0xc0, !PT","695","277","695","131072","131072","131072","1","1","0","-","-","-","0","0","0","0","0","-","0","0","0","0","0","0","0","0","0","0","0","0","682","8","0","0","0","0","4","1","0","0","0","0","0","0","0","0","0","0","272","5","0","0","0","0","0","0","0","0","0","0"
"0x78573d31fa40","      LOP3.LUT R8, R6, 0x7, RZ, 0xc0, !PT","2","1","2","131072","131072","131072","1","1","0","-","-","-","0","0","0","0","0","-","0","0","0","0","0","0","0","0","0","0","0","0","0","1","0","0","0","0","0","1","0","0","0","0","0","0","0","0","0","0","0","1","0","0","0","0","0","0","0","0","0","0"
"0x78573d31fa50","      PRMT R0, R6, 0x8880, RZ","3","0","3","131072","131072","131072","1","1","0","-","-","-","0","0","0","0","0","-","0","0","0","0","0","0","0","0","0","0","0","0","0","0","0","0","0","0","0","2","0","0","0","1","0","0","0","0","0","0","0","0","0","0","0","0","0","0","0","0","0","0"
"0x78573d31fa60","      LOP3.LUT R3, R6, 0x78, RZ, 0xc0, !PT","5","1","5","131072","131072","131072","1","1","0","-","-","-","0","0","0","0","0","-","0","0","0","0","0","0","0","0","0","0","0","0","0","0","0","0","0","0","0","3","0","0","0","2","0","0","0","0","0","0","0","0","0","0","0","0","0","0","0","0","0","1"
"0x78573d31fa70","      PRMT R0, R0, 0x7710, RZ","3","3","3","131072","131072","131072","1","1","0","-","-","-","0","0","0","0","0","-","0","0","0","0","0","0","0","0","0","0","0","0","0","0","0","0","0","0","0","0","0","0","0","3","0","0","0","0","0","0","0","0","0","0","0","0","0","0","0","0","0","3"
"0x78573d31fa80","@!P0  PRMT R11, R6, 0x8880, RZ","27","7","27","131072","131072","0","1","0","0","-","-","-","0","0","0","0","0","-","0","0","0","0","0","0","0","0","0","0","0","0","0","8","0","0","0","0","9","2","0","0","0","8","0","0","0","0","0","0","0","4","0","0","0","0","0","0","0","0","0","3"
"0x78573d31fa90","@!P0  I2F.U16 R9, R8","1","0","1","131072","131072","0","1","0","0","-","-","-","0","0","0","0","0","-","0","0","0","0","0","0","0","0","0","0","0","0","0","0","0","0","0","0","0","1","0","0","0","0","0","0","0","0","0","0","0","0","0","0","0","0","0","0","0","0","0","0"
"0x78573d31faa0","@P0   IMAD.SHL.U32 R0, R0, 0x1000000, RZ","0","0","0","131072","131072","131072","1","1","0","-","-","-","0","0","0","0","0","-","0","0","0","0","0","0","0","0","0","0","0","0","0","0","0","0","0","0","0","0","0","0","0","0","0","0","0","0","0","0","0","0","0","0","0","0","0","0","0","0","0","0"
"0x78573d31fab0","@P0   LEA.HI R4, R3, 0x78, RZ, 0x1d","1","0","1","131072","131072","131072","1","1","0","-","-","-","0","0","0","0","0","-","0","0","0","0","0","0","0","0","0","0","0","0","0","0","0","0","0","0","0","1","0","0","0","0","0","0","0","0","0","0","0","0","0","0","0","0","0","0","0","0","0","0"
"0x78573d31fac0","      ISETP.GE.OR P1, PT, R11, RZ, P0","2","0","2","131072","131072","131072","1","1","0","-","-","-","0","0","0","0","0","-","0","0","0","0","0","0","0","0","0","0","0","0","0","0","0","0","0","0","1","1","0","0","0","0","0","0","0","0","0","0","0","0","0","0","0","0","0","0","0","0","0","0"
"0x78573d31fad0","@P0   LOP3.LUT R3, R0, 0x80000000, RZ, 0xc0, !PT","0","0","0","131072","131072","131072","1","1","0","-","-","-","0","0","0","0","0","-","0","0","0","0","0","0","0","0","0","0","0","0","0","0","0","0","0","0","0","0","0","0","0","0","0","0","0","0","0","0","0","0","0","0","0","0","0","0","0","0","0","0"
"0x78573d31fae0","@P0   LOP3.LUT R4, R4, 0xffff, RZ, 0xc0, !PT","2","1","2","131072","131072","131072","1","1","0","-","-","-","0","0","0","0","0","-","0","0","0","0","0","0","0","0","0","0","0","0","0","0","0","0","0","0","0","0","0","0","0","2","0","0","0","0","0","0","0","0","0","0","0","0","0","0","0","0","0","1"
"0x78573d31faf0","@P0   IMAD R3, R8, 0x100000, R3","8","1","8","131072","131072","131072","1","1","0","-","-","-","0","0","0","0","0","-","0","0","0","0","0","0","0","0","0","0","0","0","0","1","0","0","0","0","0","3","0","0","0","4","0","0","0","0","0","0","0","0","0","0","0","0","0","0","0","0","0","1"
"0x78573d31fb00","@P0   IMAD.SHL.U32 R4, R4, 0x800000, RZ","5","0","5","131072","131072","131072","1","1","0","-","-","-","0","0","0","0","0","-","0","0","0","0","0","0","0","0","0","0","0","0","0","0","0","0","0","0","0","2","0","0","0","3","0","0","0","0","0","0","0","0","0","0","0","0","0","0","0","0","0","0"
"0x78573d31fb10","@!P0  FMUL R0, R9, 0.001953125","2","1","2","131072","131072","0","1","0","0","-","-","-","0","0","0","0","0","-","0","0","0","0","0","0","0","0","0","0","0","0","0","1","0","0","0","0","0","0","0","0","0","1","0","0","0","0","0","0","0","1","0","0","0","0","0","0","0","0","0","0"
"0x78573d31fb20","@!P1  FMUL R0, R9, -0.001953125","6","1","6","131072","131072","0","1","0","0","-","-","-","0","0","0","0","0","-","0","0","0","0","0","0","0","0","0","0","0","0","0","0","0","0","0","0","0","2","0","0","0","4","0","0","0","0","0","0","0","0","0","0","0","0","0","0","0","0","0","1"
"0x78573d31fb30","@P0   LOP3.LUT R3, R3, R4, RZ, 0xfc, !PT","6","0","6","131072","131072","131072","1","1","0","-","-","-","0","0","0","0","0","-","0","0","0","0","0","0","0","0","0","0","0","0","0","0","0","0","0","0","0","6","0","0","0","0","0","0","0","0","0","0","0","0","0","0","0","0","0","0","0","0","0","0"
"0x78573d31fb40","@!P0  IMAD.MOV.U32 R3, RZ, RZ, R0","8","2","8","131072","131072","0","1","0","0","-","-","-","0","0","0","0","0","-","0","0","0","0","0","0","0","0","0","0","0","0","0","0","0","0","0","0","2","2","0","0","0","4","0","0","0","0","0","0","0","0","0","0","0","0","0","0","0","0","0","2"
"0x78573d31fb50","      FMUL R10, R10, R3","5","1","5","131072","131072","131072","1","1","0","-","-","-","0","0","0","0","0","-","0","0","0","0","0","0","0","0","0","0","0","0","0","0","0","0","0","0","0","0","0","0","0","5","0","0","0","0","0","0","0","0","0","0","0","0","0","0","0","0","0","1"
"0x78573d31fb60","      IMAD.WIDE R2, R2, R5, c[0x0][0x190]","2","0","2","131072","131072","131072","1","1","0","-","-","-","0","0","0","0","0","-","0","0","0","0","0","0","0","0","0","0","0","0","0","0","0","0","0","0","0","1","0","0","0","1","0","0","0","0","0","0","0","0","0","0","0","0","0","0","0","0","0","0"
"0x78573d31fb70","      FMUL R5, R10, 0.25","9","1","9","131072","131072","131072","1","1","0","-","-","-","0","0","0","0","0","-","0","0","0","0","0","0","0","0","0","0","0","0","0","1","0","0","0","0","0","2","0","0","0","6","0","0","0","0","0","0","0","0","0","0","0","0","0","0","0","0","0","1"
"0x78573d31fb80","      STG.E [R2.64], R5","15","2","15","131072","131072","131072","1","1","0","Global","Store","32","131072","0","0","131072","131072","","0","0","0","0","0","0","0","0","0","0","0","0","0","0","0","0","0","0","2","4","0","0","0","9","0","0","0","0","0","0","0","0","0","0","0","0","0","0","0","0","0","2"
"0x78573d31fb90","      EXIT","1","0","1","131072","131072","131072","1","1","0","-","-","-","0","0","0","0","0","-","0","0","0","0","0","0","0","0","0","0","0","0","0","0","0","0","0","0","0","1","0","0","0","0","0","0","0","0","0","0","0","0","0","0","0","0","0","0","0","0","0","0"
"0x78573d31fba0","      BRA 0x78573d31fba0","52","26","52","0","0","0","0","0","0","-","-","-","0","0","0","0","0","-","0","0","0","0","0","0","0","14","0","29","0","0","0","0","0","0","0","0","0","0","0","0","0","9","0","6","0","14","0","0","0","0","0","0","0","0","0","0","0","0","0","6"
"0x78573d31fbb0","      NOP","0","0","0","0","0","0","0","0","0","-","-","-","0","0","0","0","0","-","0","0","0","0","0","0","0","0","0","0","0","0","0","0","0","0","0","0","0","0","0","0","0","0","0","0","0","0","0","0","0","0","0","0","0","0","0","0","0","0","0","0"
"0x78573d31fbc0","      NOP","0","0","0","0","0","0","0","0","0","-","-","-","0","0","0","0","0","-","0","0","0","0","0","0","0","0","0","0","0","0","0","0","0","0","0","0","0","0","0","0","0","0","0","0","0","0","0","0","0","0","0","0","0","0","0","0","0","0","0","0"
"0x78573d31fbd0","      NOP","0","0","0","0","0","0","0","0","0","-","-","-","0","0","0","0","0","-","0","0","0","0","0","0","0","0","0","0","0","0","0","0","0","0","0","0","0","0","0","0","0","0","0","0","0","0","0","0","0","0","0","0","0","0","0","0","0","0","0","0"
"0x78573d31fbe0","      NOP","0","0","0","0","0","0","0","0","0","-","-","-","0","0","0","0","0","-","0","0","0","0","0","0","0","0","0","0","0","0","0","0","0","0","0","0","0","0","0","0","0","0","0","0","0","0","0","0","0","0","0","0","0","0","0","0","0","0","0","0"
"0x78573d31fbf0","      NOP","0","0","0","0","0","0","0","0","0","-","-","-","0","0","0","0","0","-","0","0","0","0","0","0","0","0","0","0","0","0","0","0","0","0","0","0","0","0","0","0","0","0","0","0","0","0","0","0","0","0","0","0","0","0","0","0","0","0","0","0"
"0x78573d31fc00","      NOP","0","0","0","0","0","0","0","0","0","-","-","-","0","0","0","0","0","-","0","0","0","0","0","0","0","0","0","0","0","0","0","0","0","0","0","0","0","0","0","0","0","0","0","0","0","0","0","0","0","0","0","0","0","0","0","0","0","0","0","0"
"0x78573d31fc10","      NOP","0","0","0","0","0","0","0","0","0","-","-","-","0","0","0","0","0","-","0","0","0","0","0","0","0","0","0","0","0","0","0","0","0","0","0","0","0","0","0","0","0","0","0","0","0","0","0","0","0","0","0","0","0","0","0","0","0","0","0","0"
"0x78573d31fc20","      NOP","0","0","0","0","0","0","0","0","0","-","-","-","0","0","0","0","0","-","0","0","0","0","0","0","0","0","0","0","0","0","0","0","0","0","0","0","0","0","0","0","0","0","0","0","0","0","0","0","0","0","0","0","0","0","0","0","0","0","0","0"
"0x78573d31fc30","      NOP","0","0","0","0","0","0","0","0","0","-","-","-","0","0","0","0","0","-","0","0","0","0","0","0","0","0","0","0","0","0","0","0","0","0","0","0","0","0","0","0","0","0","0","0","0","0","0","0","0","0","0","0","0","0","0","0","0","0","0","0"
"0x78573d31fc40","      NOP","0","0","0","0","0","0","0","0","0","-","-","-","0","0","0","0","0","-","0","0","0","0","0","0","0","0","0","0","0","0","0","0","0","0","0","0","0","0","0","0","0","0","0","0","0","0","0","0","0","0","0","0","0","0","0","0","0","0","0","0"
"0x78573d31fc50","      NOP","0","0","0","0","0","0","0","0","0","-","-","-","0","0","0","0","0","-","0","0","0","0","0","0","0","0","0","0","0","0","0","0","0","0","0","0","0","0","0","0","0","0","0","0","0","0","0","0","0","0","0","0","0","0","0","0","0","0","0","0"
"0x78573d31fc60","      NOP","0","0","0","0","0","0","0","0","0","-","-","-","0","0","0","0","0","-","0","0","0","0","0","0","0","0","0","0","0","0","0","0","0","0","0","0","0","0","0","0","0","0","0","0","0","0","0","0","0","0","0","0","0","0","0","0","0","0","0","0"
"0x78573d31fc70","      NOP","0","0","0","0","0","0","0","0","0","-","-","-","0","0","0","0","0","-","0","0","0","0","0","0","0","0","0","0","0","0","0","0","0","0","0","0","0","0","0","0","0","0","0","0","0","0","0","0","0","0","0","0","0","0","0","0","0","0","0","0"
